ID,Owner,Created Date,Updated Date,Latitude (1st #),Longitude (2nd#),Restaurant Name,Cover Image,Gallery,Address,Website,Allergy Menu,Allergy Menu Rating,Instagram,Peanut,Other Menu,Category,Allergy Friendly Rating,Recommend,Category (Numerical),Shellfish,Egg,Fish,Mustard,Sesame,Tree Nuts,Soy,Wheat,Sulphites,Milk,Kosher,Halal,Vegan,Vegetarian,GlutenFree,DairyFree,Logo,Address (GMaps),GlutenFriendly,Phone Number,Email,LastUpdated,Price,City,PlaceID,Date of Allergy Menu,Messaged/Emailed (Feb 7th),Notes,Restaurants (Restaurant Name),Food Allergy Handling Protocols,MCID (AAA###),ref test
e2e1bd42-610d-4e26-8f2d-61dd08529166,09d84c7d-2c12-47a4-9ba4-b59702e43326,2020-02-27T21:30:13Z,2020-03-03T16:01:47Z,43.7131674,-79.8024523,The Food Quotient,https://scontent.fyto1-1.fna.fbcdn.net/v/t1.0-9/p960x960/88273022_616779005832435_1143267607831379968_o.jpg?_nc_cat=103&_nc_sid=9e2e56&_nc_oc=AQlOUywFsT1Dz94alCVHe6uxOmxuoS3CzlHkbUBvBJr9NMBrx3YxxnACxzmq-AHqM5Ur-j6TMtElOhYuWzyis8SC&_nc_ht=scontent.fyto1-1.fna&_nc_tp=6&oh=05ca9e10ca4f127aeb48f34cd45ac884&oe=5EBD310B,,"15 Fisherman Dr Unit 17, Brampton, ON L7A 1B7",https://thefoodquotient.ca/,,2,,2,https://thefoodquotient.ca/our-menu/,,,,,5,5,5,5,2,2,5,5,5,5,,TRUE,TRUE,TRUE,,,https://thefoodquotient.ca/wp-content/themes/zeitpress/assets/images/logo-footer.png,https://g.page/the-food-quotient?share,,(647) 232-8599,goodfood@thefoodquotient.ca,,,Brampton,ChIJ6xmlwyYUK4gR7D2u4_sdEZ8,,,,/restaurants/The-Food-Quotient,,,[]
b5324af3-97da-480a-944e-aafd2d2c84a6,09d84c7d-2c12-47a4-9ba4-b59702e43326,2020-02-27T19:10:57Z,2020-03-03T15:59:48Z,43.5857811,-79.6691474,Eat My Sweets Bakery,https://eatmysweetsbakery.ca/wp-content/uploads/2019/07/eat-my-sweets-bakery-squares-in-cold-case.jpg.webp,,"63 Queen St S Unit 8, Mississauga, ON L5M 3S9",https://eatmysweetsbakery.ca/,https://eatmysweetsbakery.ca/about-us-mississauga-peanut-tree-nut-free/,2,https://www.instagram.com/eatmysweets_bakery/,0,,"[""Bakery""]",,,,5,5,5,5,5,0,5,5,5,5,,,,,,,https://eatmysweetsbakery.ca/wp-content/uploads/2017/06/Eat-My-Sweets-Logo-Horizon-1.png,https://g.page/EatMySweetsBakeryNutFree?share,,(905) 858-3490,info@eatmysweetsbakery.ca,2020-03-01T05:00:00Z,,Mississauga,ChIJRdaUDchBK4gRB2sZUGuJHQY,,,Mar 1: contact EMS with maycontain.ca asking about 5's,/restaurants/Eat-My-Sweets-Bakery,,ESM001,[]
87bcf7f7-fa1a-4c79-921a-74420b93e414,09d84c7d-2c12-47a4-9ba4-b59702e43326,2020-02-26T21:56:53Z,2020-03-01T23:57:59Z,43.6656964,-79.4090757,Eva's Original,https://scontent.fyto1-2.fna.fbcdn.net/v/t1.0-9/13007138_1176230599068031_3478684302272204364_n.jpg?_nc_cat=109&_nc_sid=05277f&_nc_oc=AQnu0FsneXS3AhPHCoyPcZmC93Rz9r5m5nVlvrHciA3r4McWYkrViDobbNasl5GGynI1VvMyUQwx1mvL6M-nQfql&_nc_ht=scontent.fyto1-2.fna&oh=8b9d1c5e964a299cb39035dfb361d1ce&oe=5EF3F61B,,"454 Bloor St W, Toronto, ON M5S 1X8",https://www.originalchimneys.com,https://www.originalchimneys.com/our-ingredients/,1,https://www.instagram.com/ogchimneys/,2,https://www.originalchimneys.com/our-menu/,"[""Dessert""]",,,,1,2,1,1,1,2,2,2,5,2,,,TRUE,TRUE,,,https://i1.wp.com/www.originalchimneys.com/wp-content/uploads/2019/07/evasoriginalchimneycakes.png?resize=225%2C225&ssl=1,https://goo.gl/maps/gwcuqpxa7WWVXbmq7,TRUE,(416) 697-8884,info@originalchimneys.com,,,Toronto,ChIJ2Xbp_JM0K4gR5Gh2Zeim7qM,,,Mar 1: f/u with imran@maycontain.ca,/restaurants/Eva's-Original,,EVA001,[]
f00e2541-f7e9-43f7-a15c-b2ab14893d73,09d84c7d-2c12-47a4-9ba4-b59702e43326,2020-02-26T21:56:53Z,2020-03-01T16:15:13Z,43.6594712,-79.4266062,Orange Julius (Dairy Queen) (Bremner),https://scontent.fyto1-1.fna.fbcdn.net/v/t31.0-8/15069051_10154075696088994_6070044028247654139_o.jpg?_nc_cat=104&_nc_sid=dd9801&_nc_oc=AQl8yVIv9w9jHQXSvoMZf4v0fBunQydY4Jmb58qWOrHtrL5kbXpS2XT9rlotDZaFdB078QYxGhp_AjyG4adhgRYz&_nc_ht=scontent.fyto1-1.fna&oh=f043b3b7d66d400327a533f14967bc8e&oe=5F0123EA,,"351 Bremner Blvd, Toronto, ON M5V 3V4",https://www.orangejulius.com/ca-en/,http://orangejulius.com/ca-en/Company/Nutrition/Orange-Julius/?localechange=1&,3,,5,,"[""Smoothie""]",,,,0,4,0,2,1,2,2,2,0,4,,,,TRUE,,,https://www.orangejulius.com/public/images/OJ_header_logo_stack.png?width=145&height=86,https://goo.gl/maps/6auhZ27x2mguXXTV8,,(416) 342-1888,,2020-02-12T05:00:00Z,,Toronto,ChIJ2wGPCNg0K4gRfDeWhnol-t8,2017-07-01T04:00:00Z,TRUE,,/restaurants/Orange-Julius-(Dairy-Queen)-(Bremner),,,[]
e0328af5-99d6-432c-ab20-26ac9719454c,09d84c7d-2c12-47a4-9ba4-b59702e43326,2020-02-26T21:56:53Z,2020-03-01T23:13:12Z,43.7353705,-79.6786903,Denny's (Downtown),https://scontent.fyto1-2.fna.fbcdn.net/v/t1.0-9/60306453_2618223564918443_6684625737296642048_n.jpg?_nc_cat=107&_nc_sid=dd9801&_nc_oc=AQlKLMH4PhISR3eZK1ge49EfDiyVL15OeBH6As6ozr9C4G13SIMCKP0ptTO_skIke6gwOonOVHt-zia0kzl3Cj3G&_nc_ht=scontent.fyto1-2.fna&oh=2e51d2c4da956c3bad537f7286ac0d53&oe=5EFAA387,,"121 Dundas St W, Toronto, ON M5G 1C4",https://www.dennys.ca/,https://www.dennys.com/assets/files/Dennys-Allergen-Guide.pdf?v=2.1.4.408,,https://www.instagram.com/dennyscanada/?hl=en,2,,,,,,2,2,2,5,5,2,4,3,5,2,,,,,,,https://scontent.fyto1-2.fna.fbcdn.net/v/t31.0-8/p960x960/19250653_1438104792963733_3124296591063381774_o.jpg?_nc_cat=108&_nc_sid=7aed08&_nc_oc=AQngxFBxBKfdXFPi8s60CtDLiUK0oH2yr8fT6fg9Vqp8MuB_YsvU_2REanxqUYwqmHPqJJJZ8qgBR2iI7Qol6OI2&_nc_ht=scontent.fyto1-2.fna&_nc_tp=6&oh=95d36f448a375b7d6afbaad8dd242770&oe=5EEE6FE4,https://goo.gl/maps/3GFYKhKV4FfyUG9p9,TRUE,(416) 599-6161,,2020-03-01T05:00:00Z,,Toronto,ChIJX7Gdv8s0K4gRywZ3zD4I9w8,2019-11-01T04:00:00Z,TRUE,"Mar 1 2020: US allergen guide applies to Canada, asked about sesame, sulphites and mustard.",/restaurants/Denny's-(Downtown),US Allergen Guide applies to Canada.,DNY001,[]
1dd73700-b351-4759-b1e7-be384d85119b,9d75cff7-6556-4d4e-8500-50fc7a278a59,2020-02-19T20:55:38Z,2020-03-02T15:00:54Z,43.6496692,-79.4314264,Kitten and the Bear,"https://static.wixstatic.com/media/bfcc61_d5309e85b3c84ad6a7e785aa3e3b0bcf~mv2.jpg/v1/fill/w_864,h_540,al_c,lg_1,q_90/bfcc61_d5309e85b3c84ad6a7e785aa3e3b0bcf~mv2.webp","[{""slug"":""09d84c_534afd1a527d41129d590ef6b1d6accb~mv2"",""src"":""wix:image://v1/09d84c_534afd1a527d41129d590ef6b1d6accb~mv2.jpg/collage_1024x1024jpg_v1533734898jpg#originWidth=1024&originHeight=657"",""title"":"""",""type"":""image"",""settings"":{}},{""slug"":""09d84c_fca4f5fda1884858a38f2494a4ae3dfb~mv2"",""src"":""wix:image://v1/09d84c_fca4f5fda1884858a38f2494a4ae3dfb~mv2.jpg/hmp124_grandejpg_v1511733937jpg#originWidth=599&originHeight=400"",""title"":"""",""type"":""image"",""settings"":{}}]","1414 Dundas St W, Toronto, ON M6J 1Y5",https://www.kittenandthebear.com/,https://www.kittenandthebear.com/pages/our-jam,1,https://www.instagram.com/kittenandthebear/,0,,"[""Tea House""]",,,,5,5,5,5,5,0,5,5,5,5,,,,,,,https://cdn.shopify.com/s/files/1/0776/3973/files/Logo_W_grey_400x200.jpg?v=1511232851,https://goo.gl/maps/36REzEXXuwbX1Zv47,,(647) 926-9711,mail@kittenandthebear.com,2019-12-20T04:00:00Z,,Toronto,ChIJ-3HgZbE1K4gRHe-HhuI539M,,,,/restaurants/Kitten-and-the-Bear,,KAB001,[]
35a99ca0-7cde-462f-9115-d3f5d6cbdd96,9d75cff7-6556-4d4e-8500-50fc7a278a59,2020-02-19T20:55:38Z,2020-02-26T22:04:46Z,43.6541521,-79.4400625,de Floured ,https://images.squarespace-cdn.com/content/v1/5bbbf5ed7788970669bcbe08/1541970562211-OI1XLPPGNU9U45O0WC0N/ke17ZwdGBToddI8pDm48kG87Sfbgg29A4BYEDq3OXvgUqsxRUqqbr1mOJYKfIPR7LoDQ9mXPOjoJoqy81S2I8N_N4V1vUb5AoIIIbLZhVYxCRW4BPu10St3TBAUQYVKcf4OxbJOyh_wHUnyc4kQLQ6SBshRGOku7c30Y_IRDNPta8R2IY5BHMaEj1zOWoDTZ/20171109-IMG_0955.jpg?format=1500w,"[{""slug"":""09d84c_f645afff0c98427eb2054f3af4857fc7~mv2"",""src"":""wix:image://v1/09d84c_f645afff0c98427eb2054f3af4857fc7~mv2.jpg/20171108-img_0886jpg_format1500wjpg#originWidth=800&originHeight=533"",""title"":"""",""type"":""image"",""settings"":{}},{""slug"":""09d84c_2fb843dce01c44f39a5e08f8c95e5cef~mv2"",""src"":""wix:image://v1/09d84c_2fb843dce01c44f39a5e08f8c95e5cef~mv2.jpg/20171109-img_1070jpg_format1500wjpg#originWidth=1000&originHeight=667"",""title"":"""",""type"":""image"",""settings"":{}},{""slug"":""09d84c_cac89fc432384923b445221fb124da25~mv2"",""src"":""wix:image://v1/09d84c_cac89fc432384923b445221fb124da25~mv2.jpg/20141206-img_2582jpg_format2500wjpg#originWidth=1000&originHeight=667"",""title"":"""",""type"":""image"",""settings"":{}},{""slug"":""09d84c_17183fb9d3dc4c11886c60a5f7145745~mv2"",""src"":""wix:image://v1/09d84c_17183fb9d3dc4c11886c60a5f7145745~mv2.jpg/20171109-img_0951jpg_format1500wjpg#originWidth=1000&originHeight=667"",""title"":"""",""type"":""image"",""settings"":{}}]","1250 College St, Toronto, ON M6H 1C2",https://www.deflouredbakery.ca/,https://www.deflouredbakery.ca/about,2,https://www.instagram.com/defloured/?hl=en,0,,"[""Bakery""]",,,,5,2,5,5,5,0,0,5,5,2,,,TRUE,,TRUE,TRUE,https://static1.squarespace.com/static/5bbbf5ed7788970669bcbe08/t/5c02fc04b8a045e8f4424724/1543784780662/?format=1000w,https://goo.gl/maps/HSceUMBsQNU1wRe5A,,(416) 828-4169,,2019-12-20T04:00:00Z,,Toronto,ChIJrSrPSE40K4gRrUNURhah7tI,,,,/restaurants/de-Floured-,,,[]
2045fa44-a1b1-439f-a82f-e608155362b9,9d75cff7-6556-4d4e-8500-50fc7a278a59,2020-02-19T20:55:38Z,2020-02-19T20:55:38Z,43.706678,-79.38933,The Flaky Tart,http://www.flakytart.com/templates/rt_versla/custom/images/ft01.jpg,,"711 Mt Pleasant Rd, Toronto, ON M4S 2N4",http://www.flakytart.com/,http://www.flakytart.com/index.php/about,1,https://www.instagram.com/flakytart/,0,,"[""Bakery""]",,,,5,5,5,5,5,0,5,5,5,5,,,,,,,http://www.flakytart.com/templates/rt_versla/custom/images/LogoSm.png,https://goo.gl/maps/UE82AVwc2tgqT7pZ6,,(416) 484-8278,flakytart@gmail.com,2019-12-20T04:00:00Z,,Toronto,ChIJ2W8LKlI3wokRExIHraH0IIU,,,,/restaurants/The-Flaky-Tart,,,[]
58415dea-7173-433d-a725-2e4cc0ed8bf0,9d75cff7-6556-4d4e-8500-50fc7a278a59,2020-02-19T20:55:38Z,2020-02-26T22:04:47Z,43.61973,-79.502307,The Bread Essentials,https://allerguidefood.files.wordpress.com/2017/10/20171006_131403.jpg?w=1240&h=698,"[{""slug"":""09d84c_e521f75f376147aba5845738297c3d7e~mv2"",""src"":""wix:image://v1/09d84c_e521f75f376147aba5845738297c3d7e~mv2.jpg/20180809_thebreadessentialsjpg_cmdresi#originWidth=1400&originHeight=934"",""title"":"""",""type"":""image"",""settings"":{}}]","406 Royal York Rd, Etobicoke, ON M8Y 2R5",https://www.thebreadessentials.com/,https://www.thebreadessentials.com/pages/how-it-works,1,https://www.instagram.com/thebreadessentials/,0,,"[""Bakery""]",,,2,5,5,5,5,5,0,5,5,5,5,,,TRUE,,TRUE,TRUE,https://cdn.shopify.com/s/files/1/1544/6027/t/3/assets/logo.png?146,https://goo.gl/maps/pwicjhA8nK6P68oN6,TRUE,(647) 680-3490,,2019-12-20T04:00:00Z,,Etobicoke,ChIJX5ncXyQ2K4gRtvx5G33wriw,,,,/restaurants/The-Bread-Essentials,,,[]
9c4cfa98-add9-4cda-9a76-0e4c5554e4ba,9d75cff7-6556-4d4e-8500-50fc7a278a59,2020-02-19T20:55:38Z,2020-02-26T22:04:47Z,43.6479311,-79.3778372,Pizzaiolo Gourmet Pizza,https://www.pizzaiolo.ca/assets/new_design/slide_three.jpg,"[{""slug"":""09d84c_4412069119714e4fa2ec2423e81d48ab~mv2"",""src"":""wix:image://v1/09d84c_4412069119714e4fa2ec2423e81d48ab~mv2.jpg/cateringjpg#originWidth=1437&originHeight=520"",""title"":"""",""type"":""image"",""settings"":{}}]","104 Yonge St, Toronto, ON M5C 2Y6",https://www.pizzaiolo.ca/,https://www.pizzaiolo.ca/pages/nutritional_information,1,https://www.instagram.com/pizzaiologourmetpizza/,0,,"[""Pizza""]",,,6,5,4,5,5,5,0,5,5,5,5,,,,TRUE,TRUE,TRUE,https://www.pizzaiolo.ca/assets/new_design/brand.svg,https://goo.gl/maps/QBS1HW8G6Fnbt65X9,TRUE,(416) 860-0700,,2019-12-18T05:00:00Z,,Toronto,ChIJmTaNjzLL1IkRhj8dZdI3MzQ,,,,/restaurants/Pizzaiolo-Gourmet-Pizza,,,[]
c608ceb8-8041-4d32-aa80-908ad8d3705c,9d75cff7-6556-4d4e-8500-50fc7a278a59,2020-02-19T20:55:38Z,2020-02-28T16:28:48Z,43.7579933,-79.4643088,Sorelle and Co. (Vaughan),wix:image://v1/09d84c_becbdd9166014d6c9c3a565557c88a67~mv2_d_1800_1200_s_2.png/mainphoto.png#originWidth=1800&originHeight=1200,"[{""slug"":""09d84c_becbdd9166014d6c9c3a565557c88a67~mv2_d_1800_1200_s_2"",""src"":""wix:image://v1/09d84c_becbdd9166014d6c9c3a565557c88a67~mv2_d_1800_1200_s_2.png/mainphotopng#originWidth=1800&originHeight=1200"",""title"":"""",""type"":""image"",""settings"":{}},{""slug"":""09d84c_8ae63a97f6424dc2b7b6d4d525658772~mv2_d_2452_2560_s_4_2"",""src"":""wix:image://v1/09d84c_8ae63a97f6424dc2b7b6d4d525658772~mv2_d_2452_2560_s_4_2.jpg/alltogethernowjpg#originWidth=2452&originHeight=2560"",""title"":"""",""type"":""image"",""settings"":{}},{""slug"":""09d84c_cba48d5db29a4129a4f2e8ce21d658e6~mv2"",""src"":""wix:image://v1/09d84c_cba48d5db29a4129a4f2e8ce21d658e6~mv2.jpg/cakesbackgroundjpg#originWidth=2402&originHeight=1138"",""title"":"""",""type"":""image"",""settings"":{}},{""slug"":""09d84c_297a6894d16e4dccaf334387045ddadf~mv2"",""src"":""wix:image://v1/09d84c_297a6894d16e4dccaf334387045ddadf~mv2.jpg/slideshow6-1140x642jpg#originWidth=1140&originHeight=642"",""title"":"""",""type"":""image"",""settings"":{}},{""slug"":""09d84c_67980e5ca0b14bd5af8adda4005d0015~mv2"",""src"":""wix:image://v1/09d84c_67980e5ca0b14bd5af8adda4005d0015~mv2.jpg/slideshow5-1140x642jpg#originWidth=1140&originHeight=642"",""title"":"""",""type"":""image"",""settings"":{}}]","88 Maple, Vaughan, ON",https://www.sorelleandco.com/,https://www.sorelleandco.com/menu/#allergywarning,2,https://www.instagram.com/sorelleandco/,0,,"[""Bakery""]",,,2,5,5,5,0,0,0,0,5,2,5,,,,,TRUE,,http://www.sorelleandco.com/wp-content/uploads/2018/01/sorelle-sticky.png,https://goo.gl/maps/1eKkFDZ2neKYTCqd6,,(416) 234-1340,hello@sorelleandco.com,2019-12-18T05:00:00Z,,Vaughan,ChIJ7d7ZQP0rK4gR0ezHVxKVx8U,,,,/restaurants/Sorelle-and-Co.-(Vaughan),,,[]
8aac9645-4a97-411c-b836-0f8a1381aea1,9d75cff7-6556-4d4e-8500-50fc7a278a59,2020-02-19T20:55:38Z,2020-03-02T14:48:06Z,43.3257865,-79.7999054,Kelly's Bake Shoppe,wix:image://v1/09d84c_898b07218429491194f5ae492a7f2778~mv2.jpg/cupcakes_homepage_squared_scaled_origina.jpg#originWidth=1000&originHeight=1000,"[{""slug"":""09d84c_530cecbf65314aa1b499c8f87eb8f187~mv2"",""src"":""wix:image://v1/09d84c_530cecbf65314aa1b499c8f87eb8f187~mv2.jpg/aboutus_optimizedjpg#originWidth=833&originHeight=1250"",""title"":"""",""type"":""image"",""settings"":{}},{""slug"":""09d84c_898b07218429491194f5ae492a7f2778~mv2"",""src"":""wix:image://v1/09d84c_898b07218429491194f5ae492a7f2778~mv2.jpg/cupcakes_homepage_squared_scaled_origina#originWidth=1000&originHeight=1000"",""title"":"""",""type"":""image"",""settings"":{}}]","401 Brant St, Burlington, ON L7R 2E9",https://www.kellysxo.com/,https://www.kellysxo.com/menu/,2,https://www.instagram.com/kellysbake/,0,,"[""Bakery""]",,,2,5,0,5,5,5,0,5,5,5,0,,,,,TRUE,TRUE,https://www.kellysxo.com/wp-content/uploads/kbs_logo_r.png,https://g.page/KellysBakeShoppe?share,FALSE,(905) 333-1400,,2019-12-18T05:00:00Z,,Burlington,ChIJy48yNyWeLIgR7CQ7A8TE2Hk,,TRUE,Feb 7th: replied telling imran to call for info,/restaurants/Kelly's-Bake-Shoppe,,KBS001,[]
4d964914-c49c-437c-bfdf-e71018b7ad3e,9d75cff7-6556-4d4e-8500-50fc7a278a59,2020-02-19T20:55:38Z,2020-02-26T22:06:22Z,43.656247,-79.4028548,Urban Herbivore (Kensington Market),wix:image://v1/09d84c_01ce2308e4aa41d584fa1b719f04e472~mv2_d_2500_1667_s_2.jpg/Sunday.jpg_format=2500w.jpg#originWidth=2500&originHeight=1667,"[{""slug"":""09d84c_01ce2308e4aa41d584fa1b719f04e472~mv2_d_2500_1667_s_2"",""src"":""wix:image://v1/09d84c_01ce2308e4aa41d584fa1b719f04e472~mv2_d_2500_1667_s_2.jpg/sundayjpg_format2500wjpg#originWidth=2500&originHeight=1667"",""title"":"""",""type"":""image"",""settings"":{}},{""slug"":""09d84c_f98171b5a0594925932b23888224b33b~mv2_d_2500_1785_s_2"",""src"":""wix:image://v1/09d84c_f98171b5a0594925932b23888224b33b~mv2_d_2500_1785_s_2.jpg/about_backgroundjpg_format2500wjpg#originWidth=2500&originHeight=1785"",""title"":"""",""type"":""image"",""settings"":{}},{""slug"":""09d84c_b7a8edff338c4f73a224ab4b89bf50fb~mv2_d_2500_1667_s_2"",""src"":""wix:image://v1/09d84c_b7a8edff338c4f73a224ab4b89bf50fb~mv2_d_2500_1667_s_2.jpg/wednesdayjpg_format2500wjpg#originWidth=2500&originHeight=1667"",""title"":"""",""type"":""image"",""settings"":{}},{""slug"":""09d84c_1cd7ccd1b3f14008b3cb26bc49aba6ee~mv2_d_2500_1667_s_2"",""src"":""wix:image://v1/09d84c_1cd7ccd1b3f14008b3cb26bc49aba6ee~mv2_d_2500_1667_s_2.jpg/wednesdaycopyjpg_format2500wjpg#originWidth=2500&originHeight=1667"",""title"":"""",""type"":""image"",""settings"":{}},{""slug"":""09d84c_d73c743efc1b4e44b8755d4eb25adb16~mv2_d_2500_1848_s_2"",""src"":""wix:image://v1/09d84c_d73c743efc1b4e44b8755d4eb25adb16~mv2_d_2500_1848_s_2.jpg/img_5406jpg_format2500wjpg#originWidth=2500&originHeight=1848"",""title"":"""",""type"":""image"",""settings"":{}}]","64 Oxford St, Toronto, ON M5T 1P1",https://www.herbivore.to/,https://www.herbivore.to/#menu-section,4,https://www.instagram.com/urban_herbivoreto/,0,,"[""Sandwhich""]",,,,5,5,5,5,5,5,5,5,5,5,,,,,TRUE,,https://static1.squarespace.com/static/5950725136e5d3e00385c649/t/5957a19eb11be1df63d5b43d/1505228304388/?format=1500w,https://goo.gl/maps/ydQN1dqS4DsnkPBD6,TRUE,(416) 927-1231,,2019-12-17T05:00:00Z,,Toronto,ChIJSfzd_cE0K4gRKNgsP4k4KU8,,TRUE,,/restaurants/Urban-Herbivore-(Kensington-Market),,,[]
4693997a-2726-47d4-9e65-9d1f6a8f96d3,9d75cff7-6556-4d4e-8500-50fc7a278a59,2020-02-19T20:55:38Z,2020-03-02T01:19:41Z,43.669294,-79.3380567,Hype Food Co.,wix:image://v1/09d84c_d82722253d7a4c1898203933829f4024~mv2.jpg/meu-cupcakes-2.jpg#originWidth=1900&originHeight=860,"[{""slug"":""09d84c_d82722253d7a4c1898203933829f4024~mv2"",""src"":""wix:image://v1/09d84c_d82722253d7a4c1898203933829f4024~mv2.jpg/meu-cupcakes-2jpg#originWidth=1900&originHeight=860"",""title"":""Hype Food Co."",""type"":""image"",""settings"":{}},{""slug"":""09d84c_b320461d71ae46d88d3a6452c390096a~mv2"",""src"":""wix:image://v1/09d84c_b320461d71ae46d88d3a6452c390096a~mv2.jpg/food-menujpg#originWidth=1900&originHeight=860"",""title"":""Hype Food Co."",""type"":""image"",""settings"":{}}]","1060 Gerrard St E, Toronto, ON M4M 1Z8",https://www.hypefoodco.ca/,https://www.hypefoodco.ca/food/,2,https://www.instagram.com/hype.food.co/,0,,"[""Bakery""]",,,2,0,0,0,0,0,0,0,0,5,0,,,,,,TRUE,https://www.hypefoodco.ca/wp-content/uploads/2018/01/hype-logo-1200.png,https://g.page/HypeFoodCo?share,TRUE,(416) 840-7430,info@hypefoodco.ca,2019-12-17T05:00:00Z,,Toronto,ChIJO6DxWn_L1IkRwT_d-h0Ew5Q,,TRUE,Feb 7: BH got a email response,/restaurants/Hype-Food-Co.,#NAME?,HFC001,[]
d2f3d257-e2dd-44a3-9ea3-09b9b6e32c3a,9d75cff7-6556-4d4e-8500-50fc7a278a59,2020-02-19T20:55:38Z,2020-02-26T22:05:55Z,43.656384,-79.407543,Sneaky Dees,http://sneaky-dees.com/wp-content/uploads/2013/04/VEGGIE.jpg,,"431 College St, Toronto, ON M5T 1T1",https://sneaky-dees.com/home/,,5,https://www.instagram.com/thesneakydees/,0,,"[""Mexican""]",,,,5,5,5,5,5,0,5,5,5,5,,,TRUE,TRUE,,,https://sneaky-dees.com/wp-content/themes/sneaks2014/images/logo-b.png,https://goo.gl/maps/Y3QAgVAcdk1YEcev9,,(416) 603-3090,info@sneaky-dees.com,2019-12-05T05:00:00Z,,Toronto,ChIJU1gu4us0K4gRv9DuMfAv1x4,,,,/restaurants/Sneaky-Dees,,,[]
6c71ea1d-1ec4-4bff-b26d-dce9aa4eb089,9d75cff7-6556-4d4e-8500-50fc7a278a59,2020-02-19T20:55:38Z,2020-02-26T22:06:23Z,43.6559689,-79.3862021,Uncle Tetsu’s Japanese Cheesecake,wix:image://v1/09d84c_299b8e9be4c645cba39121c25a1953bb~mv2.jpg/Uncle%20Tetsu's%20Japanese%20Cheesecake%20-%20Food.jpg#originWidth=1600&originHeight=992,"[{""slug"":""09d84c_e3f4dcbe8e644132a731abf412344d49~mv2"",""src"":""wix:image://v1/09d84c_e3f4dcbe8e644132a731abf412344d49~mv2.jpg/uncle-tetsus-japanese-cheesecake-stor#originWidth=590&originHeight=393"",""title"":"""",""type"":""image"",""settings"":{}},{""slug"":""09d84c_299b8e9be4c645cba39121c25a1953bb~mv2"",""src"":""wix:image://v1/09d84c_299b8e9be4c645cba39121c25a1953bb~mv2.jpg/uncle-tetsus-japanese-cheesecake-food#originWidth=1600&originHeight=992"",""title"":"""",""type"":""image"",""settings"":{}},{""slug"":""09d84c_8a4b197c01c44774a8633aea23c788e4~mv2"",""src"":""wix:image://v1/09d84c_8a4b197c01c44774a8633aea23c788e4~mv2.jpg/uncle-tetsus-japanese-cheesecake-food#originWidth=1600&originHeight=659"",""title"":"""",""type"":""image"",""settings"":{}}]","598 Bay St, Toronto, ON M5G 1M5",https://uncletetsu-ca.com/,,4,https://www.instagram.com/uncletetsucanada/,1,,"[""Bakery""]",,,2,1,4,1,5,1,1,1,4,5,4,,,,,,,http://uncletetsu-ca.com/wp-content/uploads/2018/11/uncle-tetsu-canada-logo.png,https://goo.gl/maps/FGkUgHgPc2Q7envGA,,(416) 591-0555,,2019-10-08T04:00:00Z,,Toronto,ChIJBwpasMs0K4gRYvnITpDo1lc,,TRUE,,/restaurants/Uncle-Tetsu%E2%80%99s-Japanese-Cheesecake,,,[]
4003aeb1-3f49-4865-ba87-673fbc183482,9d75cff7-6556-4d4e-8500-50fc7a278a59,2020-02-19T20:55:38Z,2020-02-26T22:05:55Z,43.7105539,-79.4009626,The Cupcake Shoppe,wix:image://v1/09d84c_572dff16dbaf4b288b36406e7d2d92dc~mv2.jpg/The%20Cupcake%20Shoppe%20-%20Food1.jpg#originWidth=1000&originHeight=750,"[{""slug"":""09d84c_7f78a8954af14e1b856de89d5a43b27c~mv2"",""src"":""wix:image://v1/09d84c_7f78a8954af14e1b856de89d5a43b27c~mv2.jpg/the-cupcake-shoppe-food2jpg#originWidth=800&originHeight=537"",""title"":"""",""type"":""image"",""settings"":{}},{""slug"":""09d84c_572dff16dbaf4b288b36406e7d2d92dc~mv2"",""src"":""wix:image://v1/09d84c_572dff16dbaf4b288b36406e7d2d92dc~mv2.jpg/the-cupcake-shoppe-food1jpg#originWidth=1000&originHeight=750"",""title"":"""",""type"":""image"",""settings"":{}}]","2417 Yonge St, Toronto, ON M4P 2E7",http://www.thecupcakeshoppe.ca/,,1,https://www.instagram.com/thecupcakeshoppe/?hl=en,0,,"[""Bakery""]",,,2,0,4,0,0,5,0,2,4,5,4,,,TRUE,,TRUE,,http://www.thecupcakeshoppe.ca/images/intro.gif,https://goo.gl/maps/s6YRgRQkztfXu86J9,,(416) 322-6648,,2019-10-23T04:00:00Z,,Toronto,ChIJCRklpyMzK4gRWQTijn_TAFo,,,,/restaurants/The-Cupcake-Shoppe,,,[]
613591d1-47f7-4462-85e4-5d8739e0f551,9d75cff7-6556-4d4e-8500-50fc7a278a59,2020-02-19T20:55:38Z,2020-02-27T19:21:00Z,43.656328,-79.3858097,Reb Lobster,wix:image://v1/09d84c_0815f3eec94c47cea6cf103a65a3d352~mv2.jpg/Red%20Lobster%20-%20Food1.jpg#originWidth=768&originHeight=960,"[{""slug"":""09d84c_0815f3eec94c47cea6cf103a65a3d352~mv2"",""src"":""wix:image://v1/09d84c_0815f3eec94c47cea6cf103a65a3d352~mv2.jpg/red-lobster-food1jpg#originWidth=768&originHeight=960"",""title"":"""",""type"":""image"",""settings"":{}},{""slug"":""09d84c_691ca05c76de4e4da12c10f058f86dd8~mv2"",""src"":""wix:image://v1/09d84c_691ca05c76de4e4da12c10f058f86dd8~mv2.jpg/red-lobster-storefrontjpg#originWidth=448&originHeight=336"",""title"":"""",""type"":""image"",""settings"":{}},{""slug"":""09d84c_a24569d214984e808bd2a577a7bb6e75~mv2"",""src"":""wix:image://v1/09d84c_a24569d214984e808bd2a577a7bb6e75~mv2.jpg/red-lobster-food2jpg#originWidth=768&originHeight=960"",""title"":"""",""type"":""image"",""settings"":{}}]","20 Dundas St W, Toronto, ON M5G 2C2",https://www.redlobster.ca/,https://www.redlobster.ca/docs/default-source/pdfs/cn-allergen_guide_fy20_e5.pdf,4,https://www.instagram.com/redlobster/,0,,"[""Seafood""]",,1000,7,4,2,4,2,1,2,2,2,2,2,,TRUE,,,,,wix:image://v1/09d84c_b4497b42388b42f58af3b20da13da774~mv2.png/Red%20Lobster%20-%20Logo.png#originWidth=600&originHeight=600,https://goo.gl/maps/YMcSBwCTvDnCXpMe7,,(416) 348-8938,,2019-10-08T04:00:00Z,,Toronto,ChIJYcRg38o0K4gR2tMNd0Xk_yg,2020-02-27T05:00:00Z,,,/restaurants/Reb-Lobster,,,[]
fa0f2758-9428-4ab6-8b0e-b4ffc3a6888c,9d75cff7-6556-4d4e-8500-50fc7a278a59,2020-02-19T20:55:38Z,2020-02-28T21:52:30Z,43.6479271,-79.4041017,Blaze Pizza,wix:image://v1/09d84c_6befefb0cbec4e259d452e54af9af4a0~mv2.jpg/Blaze%20Pizza%20-%20Food1.jpg#originWidth=1080&originHeight=720,"[{""slug"":""09d84c_402a8a60449d4a9abd638dfbfcbe4643~mv2"",""src"":""wix:image://v1/09d84c_402a8a60449d4a9abd638dfbfcbe4643~mv2.jpg/blaze-pizza-storefrontjpg#originWidth=590&originHeight=393"",""title"":"""",""type"":""image"",""settings"":{}},{""slug"":""09d84c_6befefb0cbec4e259d452e54af9af4a0~mv2"",""src"":""wix:image://v1/09d84c_6befefb0cbec4e259d452e54af9af4a0~mv2.jpg/blaze-pizza-food1jpg#originWidth=1080&originHeight=720"",""title"":"""",""type"":""image"",""settings"":{}},{""slug"":""09d84c_e547d3e8f87f498492df670c63334834~mv2"",""src"":""wix:image://v1/09d84c_e547d3e8f87f498492df670c63334834~mv2.jpg/blaze-pizza-food2jpg#originWidth=590&originHeight=393"",""title"":"""",""type"":""image"",""settings"":{}}]","10 Dundas St E #124, Toronto, ON M5B 2G9",https://blazepizza.com/,https://blazepizza.com/menu/allergen-info,3,http://instagram.com/BlazePizza,1,,"[""Pizza""]",,1001,6,1,2,2,5,5,1,2,2,5,2,,,TRUE,TRUE,TRUE,,https://www.blazepizza.com/assets/images/logo.svg,https://goo.gl/maps/wmahtBsnnjoeeEPd8,TRUE,(647) 933-1028,,2020-02-28T05:00:00Z,,Toronto,ChIJ8ex6zco0K4gROilkJStgbkM,,TRUE,Feb 27 2020: f/u by email for 5's,/restaurants/Blaze-Pizza,Can change their gloves or use a separate pizza cutter at your request. ,BLZ001,[]
8ecba9ce-dc87-46d1-8a8f-95aac66d94ac,9d75cff7-6556-4d4e-8500-50fc7a278a59,2020-02-19T20:55:38Z,2020-03-02T16:08:23Z,43.6616553,-79.388539,Nando's Bay Street,wix:image://v1/09d84c_c73f610e313f4bbfaebb79a52068f8d1~mv2.jpeg/Nandos%20-%20Food1.jpeg#originWidth=1000&originHeight=500,"[{""description"":""Food"",""slug"":""09d84c_cac6018d5d5141e38d33dfbaad487c23~mv2_d_1855_1394_s_2."",""src"":""wix:image://v1/09d84c_cac6018d5d5141e38d33dfbaad487c23~mv2_d_1855_1394_s_2.jpeg/nandos-food2jpeg#originWidth=1855&originHeight=1394"",""title"":""Nandos"",""type"":""image"",""settings"":{}},{""description"":""Food"",""slug"":""09d84c_c73f610e313f4bbfaebb79a52068f8d1~mv2."",""src"":""wix:image://v1/09d84c_c73f610e313f4bbfaebb79a52068f8d1~mv2.jpeg/nandos-food1jpeg#originWidth=1000&originHeight=500"",""title"":""Nandos"",""type"":""image"",""settings"":{}},{""description"":""Storefront"",""slug"":""09d84c_c95cac87f55a472dafd2cd88bd9798eb~mv2"",""src"":""wix:image://v1/09d84c_c95cac87f55a472dafd2cd88bd9798eb~mv2.jpg/nandos-storefrontjpg#originWidth=800&originHeight=535"",""title"":""Nandos"",""type"":""image"",""settings"":{}}]","832 Bay St Unit 1, Toronto, ON M5S 1Z6",https://www.nandos.ca/find/restaurants/bay-street,https://www.nandos.ca/index.php?p=actions/force-asset-download/file/download&id=5499,3,https://www.instagram.com/nandoscanada/,3,https://www.nandos.ca/menu,"[""Grill""]",2,1000,16,0,3,3,3,3,3,3,3,0,3,,,,TRUE,TRUE,TRUE,https://nandos-ca-site.objects.frb.io/assets/img/Full_Logo_Horizontal_Large_RGB-72ppi.png?07262019.0,https://goo.gl/maps/Pu92P7ZHauqdoz5f7,,(416) 925-8888,,2019-10-08T04:00:00Z,,Toronto,ChIJQR6ihrY0K4gRQBamDBT6920,2020-02-01T05:00:00Z,FALSE,"Mar 2: Submitted form again, will call",/restaurants/Nando's-Bay-Street,,NDS001,[]
43871045-050b-4ba2-a256-55b124c0b41b,9d75cff7-6556-4d4e-8500-50fc7a278a59,2020-02-19T20:55:38Z,2020-02-19T20:55:38Z,43.6565683,-79.3849833,St. Louis Bar and Grill,wix:image://v1/09d84c_fa0e8800cc8d4e218b8132fc6a30e532~mv2.jpg/St.%20Louis%20Bar%20&%20Grill%20-%20Food2.jpg#originWidth=960&originHeight=960,"[{""slug"":""09d84c_9f1cae1f87e544e2b787121d9aa43d07~mv2"",""src"":""wix:image://v1/09d84c_9f1cae1f87e544e2b787121d9aa43d07~mv2.jpg/st-louis-bar-grill-storefrontjpg#originWidth=448&originHeight=336"",""title"":"""",""type"":""image"",""settings"":{}},{""slug"":""09d84c_fa0e8800cc8d4e218b8132fc6a30e532~mv2"",""src"":""wix:image://v1/09d84c_fa0e8800cc8d4e218b8132fc6a30e532~mv2.jpg/st-louis-bar-grill-food2jpg#originWidth=960&originHeight=960"",""title"":"""",""type"":""image"",""settings"":{}},{""slug"":""09d84c_48b5eb0039794b9abaa0f024d8bbe34e~mv2"",""src"":""wix:image://v1/09d84c_48b5eb0039794b9abaa0f024d8bbe34e~mv2.jpg/st-louis-bar-grill-food1jpg#originWidth=960&originHeight=540"",""title"":"""",""type"":""image"",""settings"":{}}]","595 Bay St unit a08-a09, Toronto, ON M5G 2C2",https://www.stlouiswings.com/allergen-guide/,https://www.stlouiswings.com/allergen-guide/,3,https://www.instagram.com/stlouiswings/,2,,"[""Wings""]",,10076,8,5,3,2,5,2,2,4,4,5,4,,,,,,,https://www.stlouiswings.com/wp-content/uploads/2018/08/logo.png,https://goo.gl/maps/8drpbL4SLdjfDyTz9,,(647) 435-9464,,2019-10-08T04:00:00Z,,Toronto,ChIJKRxf-8o0K4gRDb2SihszZCg,,,,/restaurants/St.-Louis-Bar-and-Grill,,,[]
7eafe2d0-c2e9-4dcc-b1a2-2faf5a4753fc,9d75cff7-6556-4d4e-8500-50fc7a278a59,2020-02-19T20:55:38Z,2020-02-26T22:06:26Z,43.649721,-79.377012,Prairie Girl Bakery,wix:image://v1/09d84c_ae20eefaed884819a7b84aa08c10d091~mv2.jpg/Prarie%20Girk%20Bakery%20-%20Food1.jpg#originWidth=590&originHeight=450,"[{""slug"":""09d84c_faea8bb373c64f1d9903dad40081b84e~mv2"",""src"":""wix:image://v1/09d84c_faea8bb373c64f1d9903dad40081b84e~mv2.jpg/prarie-girk-bakery-food2jpg#originWidth=590&originHeight=450"",""title"":"""",""type"":""image"",""settings"":{}},{""slug"":""09d84c_ae20eefaed884819a7b84aa08c10d091~mv2"",""src"":""wix:image://v1/09d84c_ae20eefaed884819a7b84aa08c10d091~mv2.jpg/prarie-girk-bakery-food1jpg#originWidth=590&originHeight=450"",""title"":"""",""type"":""image"",""settings"":{}},{""slug"":""09d84c_6c169f3d4cd54b26bed3a483a927ac65~mv2"",""src"":""wix:image://v1/09d84c_6c169f3d4cd54b26bed3a483a927ac65~mv2.jpg/prarie-girk-bakery-store1jpg#originWidth=590&originHeight=450"",""title"":"""",""type"":""image"",""settings"":{}}]","18 King Street East #106 facing, Victoria St",https://www.prairiegirlbakery.com/,https://www.prairiegirlbakery.com/nut-free-policy/,2,https://www.instagram.com/prairiegirlbakery/,0,,"[""Bakery""]",2,1006,2,1,4,1,1,1,0,4,4,5,4,,,TRUE,TRUE,TRUE,,wix:image://v1/09d84c_2d85f0df64a3467785e6c63dd8591918~mv2.jpg/Prarie%20Girk%20Bakery%20-%20Logo.jpg#originWidth=1580&originHeight=1017,https://goo.gl/maps/gMKAFRuybuPtefxp7,TRUE,(416) 504-2253,,2019-10-08T04:00:00Z,,Toronto,ChIJFWaoZzLL1IkRtBcicfa0sS0,,TRUE,,/restaurants/Prairie-Girl-Bakery,,,[]
00000000-0000-0000-0000-000000000004,9d75cff7-6556-4d4e-8500-50fc7a278a59,2020-02-19T20:55:38Z,2020-02-28T21:47:09Z,43.655478,-79.380467,3 Brewers Yonge,wix:image://v1/09d84c_bf1c2cf71e38447e8abd310ce2840dbf~mv2.jpg/3%20Brewers%20-%20Food1.jpg#originWidth=900&originHeight=711,"[{""slug"":""09d84c_bf1c2cf71e38447e8abd310ce2840dbf~mv2"",""src"":""wix:image://v1/09d84c_bf1c2cf71e38447e8abd310ce2840dbf~mv2.jpg/3-brewers-food1jpg#originWidth=900&originHeight=711"",""title"":"""",""type"":""image"",""settings"":{}},{""slug"":""09d84c_89fe3d09186c489785cbf4edd839896f~mv2"",""src"":""wix:image://v1/09d84c_89fe3d09186c489785cbf4edd839896f~mv2.jpg/3-brewers-storejpg#originWidth=525&originHeight=700"",""title"":"""",""type"":""image"",""settings"":{}},{""slug"":""09d84c_d436bf8027da441ab36eff091a3f7662~mv2"",""src"":""wix:image://v1/09d84c_d436bf8027da441ab36eff091a3f7662~mv2.jpg/3-brewers-food2jpg#originWidth=869&originHeight=724"",""title"":"""",""type"":""image"",""settings"":{}}]","275 Yonge St, Toronto, ON M5B 1N8",https://www.les3brasseurs.ca/,https://www.les3brasseurs.ca/media/uploads/food_menus/allergy_document/ballergy_information_-_fall_2019.pdf,3,https://www.instagram.com/3brasseursca/,1,https://www.les3brasseurs.ca/en/menu/,"[""Pub""]",3,1004,4,2,2,2,2,2,1,2,3,2,3,,,,TRUE,,,https://www.les3brasseurs.ca/static/img/logo_small.1a83cf33e8fa.svg,https://goo.gl/maps/dotqiMsPBZpqNzAr6,,(647) 347-6286,,2020-02-28T05:00:00Z,,Toronto,ChIJ4SisMss0K4gRSJIzuoWUzRI,2019-11-01T04:00:00Z,TRUE,Updated Feb 28 2020,/restaurants/3-Brewers-Yonge,#NAME?,TBR001,[]
00000000-0000-0000-0000-000000000003,9d75cff7-6556-4d4e-8500-50fc7a278a59,2020-02-19T20:55:38Z,2020-03-02T14:40:41Z,43.656641,-79.379999,Jack Astors (Yonge & Dundas),wix:image://v1/09d84c_0134774ff14e43989c446c9d7b8ab40a~mv2.jpg/Jack%20Astor's%20-%20Food1.jpg#originWidth=960&originHeight=754,"[{""slug"":""09d84c_0134774ff14e43989c446c9d7b8ab40a~mv2"",""src"":""wix:image://v1/09d84c_0134774ff14e43989c446c9d7b8ab40a~mv2.jpg/jack-astors-food1jpg#originWidth=960&originHeight=754"",""title"":"""",""type"":""image"",""settings"":{}},{""slug"":""09d84c_ab81b2e2940445f7bddce50944fabcf1~mv2"",""src"":""wix:image://v1/09d84c_ab81b2e2940445f7bddce50944fabcf1~mv2.jpg/jack-astors-storefrontjpg#originWidth=1024&originHeight=768"",""title"":"""",""type"":""image"",""settings"":{}},{""slug"":""09d84c_1194a3026b3a40ef9e54472c58cac4a0~mv2"",""src"":""wix:image://v1/09d84c_1194a3026b3a40ef9e54472c58cac4a0~mv2.jpg/jack-astors-food2jpg#originWidth=960&originHeight=947"",""title"":"""",""type"":""image"",""settings"":{}}]","10 Dundas St E, Toronto, ON M5B 2G9",http://jackastors.com/location-map/15/,http://jackastors.com/dinner-menu-english/,2,https://www.instagram.com/jack_astors/,2,,"[""Bar & Grill""]",4,1010,4,2,3,2,2,2,2,3,3,3,4,,,,TRUE,,,wix:image://v1/09d84c_a37d4a7fef964e8da93a62bfcb66b7ff~mv2.png/Jack%20Astor's%20-%20Logo.png#originWidth=833&originHeight=833,https://goo.gl/maps/9VtFJywW9BBcYR7a8,,(416) 263-9800,jacksdundassquare@sircorp.com,2019-10-08T04:00:00Z,,Toronto,ChIJLVOvMePRKogRmbOUR4nBxnY,,TRUE,"Feb 11: BH got a response, will asking about protocols to reduce cross-contamination",/restaurants/Jack-Astors-(Yonge-%26-Dundas),,JAS001,[]
00000000-0000-0000-0000-000000000002,9d75cff7-6556-4d4e-8500-50fc7a278a59,2020-02-19T20:55:38Z,2020-03-02T15:18:24Z,43.656756,-79.380416,Milestones Bar & Grill (Yonge and Dundas),wix:image://v1/09d84c_6dc00694c19b4680b3f2b7568f0f6eac~mv2.jpg/Milestones%20Bar%20&%20Grill%20-%20Food1.jpg#originWidth=960&originHeight=960,"[{""slug"":""09d84c_266e81bc8b034d1abba3c2037ed3e843~mv2"",""src"":""wix:image://v1/09d84c_266e81bc8b034d1abba3c2037ed3e843~mv2.jpg/milestones-bar-grill-food2jpg#originWidth=960&originHeight=960"",""title"":"""",""type"":""image"",""settings"":{}},{""slug"":""09d84c_6dc00694c19b4680b3f2b7568f0f6eac~mv2"",""src"":""wix:image://v1/09d84c_6dc00694c19b4680b3f2b7568f0f6eac~mv2.jpg/milestones-bar-grill-food1jpg#originWidth=960&originHeight=960"",""title"":"""",""type"":""image"",""settings"":{}},{""slug"":""09d84c_fa13883a299148379e46738010d35be2~mv2"",""src"":""wix:image://v1/09d84c_fa13883a299148379e46738010d35be2~mv2.png/milestones-bar-grill-storefrontpng#originWidth=339&originHeight=530"",""title"":"""",""type"":""image"",""settings"":{}}]","10 Dundas St E Unit # 400, Toronto, ON M5B 2G9",https://www.milestonesrestaurants.com/en.html,https://www.montanas.ca/content/dam/cara/en/montanas-image-library/pdf/MON_Nutritionals_Guide_0319.pdf,3,https://www.instagram.com/milestonesrestaurants/,2,,"[""Bar & Grill""]",4,1006,4,2,3,2,2,2,2,3,2,4,3,,,,TRUE,,,wix:image://v1/09d84c_ef00aebb021544b8a3a8c949207785b9~mv2.jpg/Milestones%20Bar%20&%20Grill%20-%20Logo.jpg#originWidth=500&originHeight=500,https://goo.gl/maps/MfdxWuEbhdLtVtdy6,TRUE,(416) 598-2800,,2019-10-08T04:00:00Z,,Toronto,ChIJ_wU50co0K4gR9xjs6thnRjI,2018-05-01T04:00:00Z,TRUE,Mar 2: IS f/u with milk/soy allergy,/restaurants/Milestones-Bar-%26-Grill-(Yonge-and-Dundas),,MLS001,[]
00000000-0000-0000-0000-000000000001,9d75cff7-6556-4d4e-8500-50fc7a278a59,2020-02-19T20:55:38Z,2020-02-26T22:06:34Z,43.666803,-79.377991,The Keg Mansion (Jarvis),wix:image://v1/09d84c_e0969a7807324f329d510625237f9bd6~mv2_d_2048_1365_s_2.png/The%20Keg%20Mansion%20-%20Food1.png#originWidth=2048&originHeight=1365,"[{""slug"":""09d84c_e0969a7807324f329d510625237f9bd6~mv2_d_2048_1365_s_2"",""src"":""wix:image://v1/09d84c_e0969a7807324f329d510625237f9bd6~mv2_d_2048_1365_s_2.png/the-keg-mansion-food1png#originWidth=2048&originHeight=1365"",""title"":"""",""type"":""image"",""settings"":{}},{""slug"":""09d84c_57d1d30ee5624e8ca3adc55734df1f08~mv2."",""src"":""wix:image://v1/09d84c_57d1d30ee5624e8ca3adc55734df1f08~mv2.jpeg/the-keg-mansion-storefrontjpeg#originWidth=620&originHeight=349"",""title"":"""",""type"":""image"",""settings"":{}},{""slug"":""09d84c_b13f2887a7b540f7b7ff8f9cfe650e23~mv2"",""src"":""wix:image://v1/09d84c_b13f2887a7b540f7b7ff8f9cfe650e23~mv2.jpg/the-keg-mansion-food2jpg#originWidth=610&originHeight=417"",""title"":"""",""type"":""image"",""settings"":{}}]","515 Jarvis St, Toronto, ON M4Y 1H7",https://kegsteakhouse.com/locations/mansion-keg/,,,https://www.instagram.com/thekegsteakhouse/#,2,https://www.kegsteakhouse.com/assets/Uploads/Keg-GlutenFriendly-EN.pdf,"[""Fine Dining""]",4,1010,10,2,2,2,5,5,2,4,2,4,3,,,,TRUE,,,wix:image://v1/09d84c_8ace03165da44f798de34a7fafb9dc07~mv2.png/The%20Keg%20Mansion%20-%20Logo.png#originWidth=600&originHeight=600,https://goo.gl/maps/f6CZ8sejthbrbfki9,TRUE,(416) 964-6609,,2019-10-08T04:00:00Z,,Toronto,ChIJ8V5uCXXL1IkRNk8ClsLjfwk,,TRUE,,/restaurants/The-Keg-Mansion-(Jarvis),,,[]
1bc2c17d-d6b3-40ca-9de8-9b517b909f4e,9d75cff7-6556-4d4e-8500-50fc7a278a59,2020-02-19T20:55:38Z,2020-03-01T16:28:56Z,43.6496939,-79.6527278,Swirls Cupcakes,https://scontent.fyto1-1.fna.fbcdn.net/v/t31.0-8/26198542_10154840178451403_793474585014534462_o.jpg?_nc_cat=103&_nc_sid=2d5d41&_nc_oc=AQnC_gsj1Dy65YgjF60jPO8wE9YVksqjX09eG59njYtctT0gzdIceo0b7VqccWa9QilgDYLr3AIismKqkCoJPwf4&_nc_ht=scontent.fyto1-1.fna&oh=4ea5df045fbc8d26d30222f24a15070b&oe=5EFA9188,,"4160B Dundas St W, Etobicoke, ON M8X 1X3",https://swirlscupcakes.ca/,,1,https://www.instagram.com/swirlscupcakes1/,0,,"[""Bakery""]",,,,5,5,5,5,5,0,5,5,5,5,,,,TRUE,,,https://swirlscupcakes.ca/wp-content/themes/swirls/images/swirls-logo.png,https://goo.gl/maps/BDbWxGAq36zDzaRP8,,(647) 515-2542,info@swirlscupcakes.ca,2020-02-06T05:00:00Z,,Toronto,ChIJUVhHseQ2K4gRysX3-g0up0Y,,,,/restaurants/Swirls-Cupcakes,,,[]
f370da72-10bc-4a6f-a62c-6aec69e91249,9d75cff7-6556-4d4e-8500-50fc7a278a59,2020-02-19T20:55:38Z,2020-03-01T16:17:31Z,43.647805,-79.4642426,Panago Pizza (Gerrard),https://scontent.fyto1-2.fna.fbcdn.net/v/t31.0-8/13268491_10154845041683496_552901854002039809_o.jpg?_nc_cat=102&_nc_sid=05277f&_nc_oc=AQlLHks_K70zb5vnu9mg2kISVd9BpvsB6bLD0eggdWsHSxHOHElghLlvf8B6blsJMJKpoeT99CWo3wpGPy9RzQ32&_nc_ht=scontent.fyto1-2.fna&oh=1c22ca6aba0b99e1b403d55b514811c8&oe=5EEDAC9A,,,,http://www.panago.com/wp-content/uploads/2020/01/Panago_WinterSpring2020_NutritionalChart_AllergenChart_01.10.2020.pdf,3,https://www.instagram.com/panago_pizza/,1,,,,,,1,2,1,2,2,1,2,2,2,2,,,TRUE,TRUE,,,https://scontent.fyto1-2.fna.fbcdn.net/v/t1.0-9/64762736_10158557033563496_464191819014471680_n.png?_nc_cat=100&_nc_sid=85a577&_nc_oc=AQnAPtenrY2rl0wcjOyKDJvKmdYJEl3Ex8SytQw4X1731afp_vrayuRdLp4sLP7giB6J6_mCZZlVOvRMT1WmIi69&_nc_ht=scontent.fyto1-2.fna&oh=905145ca06fd6d04f43d5620f7467db0&oe=5EFC79C1,https://goo.gl/maps/xCduDU43nPueBJnY6,TRUE,,,2020-02-01T05:00:00Z,,Toronto,ChIJFVJJwdQ0K4gRfSPpzYtZthY,2020-02-01T05:00:00Z,,,/restaurants/Panago-Pizza-(Gerrard),,,[]
3ae1b0ac-2393-433d-b048-d5f783c118be,9d75cff7-6556-4d4e-8500-50fc7a278a59,2020-02-19T20:55:38Z,2020-03-01T16:19:46Z,43.657892,-79.4197281,Papa John's Pizza (Dundas),https://scontent.fyto1-1.fna.fbcdn.net/v/t1.0-9/p960x960/74336547_2502997313110332_96852547611918336_o.jpg?_nc_cat=104&_nc_sid=da1649&_nc_oc=AQkUjlP2vqRoj-rx1J6aUn5ku-xAJi46L3pyZqzIlAyinL_Qiud4DLOTkYSrmek4xN9xnq8x2mTIDJ8L_B8JgEzX&_nc_ht=scontent.fyto1-1.fna&_nc_tp=6&oh=9e8a2d6f7e0384c67731efdf4988f39b&oe=5EF6843F,,"255 Dundas St E, Toronto, ON M5A 1Z7",http://www.papajohns.ca/,https://www.papajohns.com/allergens/papa-johns-allergen-guide.html,3,https://www.instagram.com/papajohns/,1,,"[""Pizza""]",,,,1,2,2,5,2,1,2,2,5,2,,,,TRUE,,,https://scontent.fyto1-2.fna.fbcdn.net/v/t1.0-9/57674159_2134264496650284_3907155779513221120_n.jpg?_nc_cat=106&_nc_sid=85a577&_nc_oc=AQkV24POrV2GQ49_qfEZBV11r2JX0J416tRDzTgIJb8qHPFheabsmSHMaBOujTGC68cTDOTULKv6C7Uy5D5Gc-QJ&_nc_ht=scontent.fyto1-2.fna&oh=ffce5964ec7f6f900c42cde0bfda0d1e&oe=5EF133B0,https://goo.gl/maps/ZDZBD4Gv698tPpG66,,(416) 366-7272,,2020-02-01T05:00:00Z,,Toronto,ChIJ91Yv10nL1IkRW4NpzY1kwLc,2019-01-01T05:00:00Z,,,/restaurants/Papa-John's-Pizza-(Dundas),,,[]
a829ea4b-a996-4ac0-810c-19613e0cacb9,9d75cff7-6556-4d4e-8500-50fc7a278a59,2020-02-19T20:55:38Z,2020-03-01T16:18:32Z,43.648855,-79.5485931,Panda Express (Weston),https://scontent.fyto1-2.fna.fbcdn.net/v/t1.0-9/20292789_10155745658313814_4090511715490039973_n.jpg?_nc_cat=109&_nc_sid=05277f&_nc_oc=AQmhIZWiIBo6sq1etPGzmuG6PYhGibZ4Z_qFDgBAp40RC7F7LkVueo-PS7uLgWfHOEwAKFOPqS1l_sw5MPcadk_h&_nc_ht=scontent.fyto1-2.fna&oh=d2ff6512f30f0b67ea90b6afb40624f3&oe=5EBA30EF,,"101 Weston Rd #101, Toronto, ON M6N 4X9",https://www.pandaexpress.ca/en/,https://s3.amazonaws.com/PandaExpressWebsite/files/pdf/Nutrition.pdf,3,http://instagram.com/officialpandaexpress,2,,"[""Chinese""]",,,,2,2,2,5,5,2,3,3,5,2,,,,TRUE,,,https://scontent.fyto1-2.fna.fbcdn.net/v/t1.0-9/16603045_10155203963083814_3515236286169173044_n.png?_nc_cat=108&_nc_sid=85a577&_nc_oc=AQlmr3v7YIQ8UNoppX6oRHDfwdf3oPAtbUcgg_Q5IbhzqL4kOq_2YBzcOcoJR7L4W4Wv8Lcs7JzcL2jysENcB7la&_nc_ht=scontent.fyto1-2.fna&oh=6449836a08b56ac50d4cbf8953ccf8c0&oe=5EFC6E05,https://goo.gl/maps/CztV7QHG8BxAhvRf8,,(416) 767-8118,,2020-02-01T05:00:00Z,,Toronto,ChIJF5corRAwK4gRjwcnySXCTtw,,,,/restaurants/Panda-Express-(Weston),,,[]
ea4edee5-ae6b-4f9b-a40e-06b0baa853ee,9d75cff7-6556-4d4e-8500-50fc7a278a59,2020-02-19T20:55:38Z,2020-03-01T16:28:22Z,43.6589493,-79.4058469,Subway (Bremner),https://scontent.fyto1-1.fna.fbcdn.net/v/t31.0-8/13198462_10153835748120756_6274459721729283798_o.jpg?_nc_cat=105&_nc_sid=2d5d41&_nc_oc=AQmRiaTPqHN6H2lNxthSwXJMyyT_-BxeSkQZ8IVcmlqQoGoEkkTK2DmROW30TQDKZFL83rBrQwyMzb6xTNNgNKWd&_nc_ht=scontent.fyto1-1.fna&oh=77b90199d652a1a2b070c51e6cfb7d1c&oe=5EEE30C4,,"127 Bremner Blvd, Toronto, ON M5J 3A8",https://www.subway.com/en-CA,https://www.subway.com/en-CA/MenuNutrition/Menu/~/media/f517a870fb174a53a7aac24ce3f650a6.ashx,3,https://www.instagram.com/subwaycanada/,2,,"[""Sandwhich""]",,,,2,2,2,2,2,2,2,2,2,3,,,,TRUE,,,https://www.subway.com/~/media/Base_English/Images/Branding/subway-logo-new.png?h=44&la=en-CA&w=222&hash=4C7B920186F82D672C8526966D23465704041E58,https://goo.gl/maps/uLSYzfTiNbAgVZ4g6,TRUE,(647) 347-1996,,2020-02-01T05:00:00Z,,Toronto,ChIJF5corRAwK4gRjwcnySXCTtw,2019-12-01T05:00:00Z,,,/restaurants/Subway-(Bremner),,,[]
f8423823-fd80-4a30-873e-33f2453bbc5f,9d75cff7-6556-4d4e-8500-50fc7a278a59,2020-02-19T20:55:38Z,2020-03-01T16:30:05Z,43.6423826,-79.4691469,The WORKS Gourmet Burger Bistro (Wellington),https://scontent.fyto1-1.fna.fbcdn.net/v/t1.0-9/p960x960/88424892_10158233408315288_4296084807835713536_o.jpg?_nc_cat=104&_nc_sid=2d5d41&_nc_oc=AQnDEMXxu3zHV3wfqqJGQiqoFyHVmTAjUJJQS2lrgVxtdHMVwskq1Py_TQOTVWNUMC3kleojxaWeM9AF1HjV0Lny&_nc_ht=scontent.fyto1-1.fna&_nc_tp=6&oh=ed83df9c6f2caa07dbfbf9caa0d8785a&oe=5EFD2F60,,"60 Wellington St E, Toronto, ON M5E 1C7",https://worksburger.com/,https://worksburger.com/wp-content/uploads/2017/11/ALLERGENS-BC051419.pdf,3,https://www.instagram.com/works_burger/,2,,"[""Hamburger""]",,,,1,3,2,2,1,2,2,2,2,2,,,,TRUE,,,https://worksburger.com/wp-content/uploads/2017/11/header-logo-3.png,https://goo.gl/maps/Ku88Xxmgq64gJzrbA,TRUE,(416) 594-9675,,2020-01-31T05:00:00Z,,Toronto,ChIJFVJJwdQ0K4gRJ_bwjelM8p0,2017-11-01T04:00:00Z,,,/restaurants/The-WORKS-Gourmet-Burger-Bistro-(Wellington),,,[]
5aae4751-7936-4f76-963e-82efb80885b4,9d75cff7-6556-4d4e-8500-50fc7a278a59,2020-02-19T20:55:38Z,2020-03-01T16:27:30Z,43.6941126,-79.4671596,Shoeless Joe's Sports Grill (Queens Quay),https://scontent.fyto1-1.fna.fbcdn.net/v/t1.0-9/s960x960/88952859_10158100766824641_2731807184047308800_o.jpg?_nc_cat=104&_nc_sid=8024bb&_nc_oc=AQk4tXa9gaiFPePsetEmZyphIqcrsqxHkTgcDqutraDUDb9zn7UkHpq8h9Naxa2r5m8E0ybFgtOhoakwH3uRtNdo&_nc_ht=scontent.fyto1-1.fna&_nc_tp=7&oh=5bcc2b8c0fbbce74a95cbb98c37a1e0a&oe=5EBCAC09,,"249 Queens Quay W, Toronto, ON M5J 1B5",https://www.shoelessjoes.ca/,https://www.shoelessjoes.ca/wp-content/uploads/2019/04/2019-Core-Menu-Nutritional-Allergen-Guide-Feb-4.pdf,3,https://www.instagram.com/shoelessjoessportsgrill/,2,,"[""Bar & Grill""]",,,,2,2,2,2,5,2,3,3,2,2,,,,TRUE,,,https://www.shoelessjoes.ca/wp-content/themes/shoelessjoes/img/shoeless-logo-short.svg,https://goo.gl/maps/cZT5afUgbSmhYkif6,,(416) 915-7478,admin@shoelessjoes.ca,2020-01-31T05:00:00Z,,Toronto,ChIJX-YHICo1K4gRrjZdGrvJ5BA,2019-02-01T05:00:00Z,,,/restaurants/Shoeless-Joe's-Sports-Grill-(Queens-Quay),,,[]
4510f65f-f397-4a76-86ce-78c6744602ea,9d75cff7-6556-4d4e-8500-50fc7a278a59,2020-02-19T20:55:38Z,2020-03-01T16:25:45Z,43.6486996,-79.3797018,Quiznos (Yonge),https://scontent.fyto1-2.fna.fbcdn.net/v/t1.0-9/75072691_10162451633405174_2041460885649620992_n.jpg?_nc_cat=108&_nc_sid=dd9801&_nc_oc=AQmzgzIg_jP7b-GlE_2TvWHtuZThAcF2tLlhDwXFHn6rLIgGxlVmE4BiM0N8d_0QGwe6xNTBEeCwja7VpL715RzF&_nc_ht=scontent.fyto1-2.fna&oh=d12578cf79afed01f7dd89198aed6cff&oe=5EF390DA,,"33 Yonge St, Toronto, ON M5E 1G4",http://www.quiznos.ca/en/,http://quiznos.ca/doc/2017%20Allergen%20Info.pdf,3,,2,,"[""Sandwhich""]",,,,2,2,2,2,5,1,2,2,2,2,,,,TRUE,,,http://www.quiznos.ca/wp-content/themes/quiznoscanada/img/logo.png,https://goo.gl/maps/VpV7YyBXhaPpNbkC6,TRUE,(416) 777-1900,,2020-01-30T05:00:00Z,,Toronto,ChIJk2BJvS3L1IkRPPQPOwU2HyQ,2017-08-31T04:00:00Z,,,/restaurants/Quiznos-(Yonge),,,[]
0fa85b82-835f-46cc-a81e-1077f5f77b62,9d75cff7-6556-4d4e-8500-50fc7a278a59,2020-02-19T20:55:38Z,2020-03-01T16:24:17Z,43.6702826,-79.4231232,Pizza Nova (Front St),https://scontent.fyto1-2.fna.fbcdn.net/v/t1.0-9/86340685_2985918191428166_1691430860730925056_o.jpg?_nc_cat=101&_nc_sid=2d5d41&_nc_oc=AQkwD9i5nrjJIEkCM6RbhTgn_XLDhhhatydd1sdtFDqAfjwXvpeygf5PcgB-YsSfxwRG5WlRtWILdrUZgwsfrhDh&_nc_ht=scontent.fyto1-2.fna&oh=988cb712c27d3b57e528e02fcfcd89c7&oe=5EB4FD07,,"365 Front St W, Toronto, ON M5V 3S8",https://pizzanova.com/,https://pizzanova.com/nutrition/,3,https://www.instagram.com/pizzanova,1,,"[""Pizza""]",,,,1,2,2,5,1,1,2,2,2,3,,,,TRUE,,,https://pizzanova.com/wp-content/themes/pizzanova/images/site_logo.png,https://goo.gl/maps/wvKbhc5hbGQdW1px8,TRUE,(416) 439-0000,,2020-01-30T05:00:00Z,,Toronto,ChIJybezYdc0K4gRgrTlUVzwKpc,,,,/restaurants/Pizza-Nova-(Front-St),,,[]
05604049-16bd-4b86-91b3-51042f5f2c1d,9d75cff7-6556-4d4e-8500-50fc7a278a59,2020-02-19T20:55:38Z,2020-03-03T16:00:35Z,43.6652645,-79.7405257,Moxies (University),https://scontent.fyto1-1.fna.fbcdn.net/v/t1.0-9/p960x960/51630179_10157456832320649_1165695287100964864_o.jpg?_nc_cat=103&_nc_sid=2d5d41&_nc_oc=AQm0vf8hSy-slBiM5ReaXz182nFblrhm7XyQTVTfUNI9gza_LBonJlpJPL7ja5rZde3iucY1-JonkBRN4N6CCUPw&_nc_ht=scontent.fyto1-1.fna&_nc_tp=6&oh=ca03fe5852fa18c491cfbcfe223a4117&oe=5EFB5F39,,"70 University Ave, Toronto, ON M5J 2M4",https://moxies.com/restaurant-locations/ontario/toronto-restaurant/toronto-downtown,https://s3-us-west-2.amazonaws.com/moxies.ca/s3fs-public/MX_AllergenGuide_FW19-TDT.pdf,3,https://instagram.com/moxies,2,,"[""Family""]",,,,2,2,2,5,5,2,2,5,5,2,,,,TRUE,,,https://moxies.com/sites/all/themes/moxies/images/logo-black.png,https://goo.gl/maps/sxAu1t6Wpbu2iaLE9,,(647) 748-7172,,2020-01-30T05:00:00Z,,Toronto,ChIJ7XMHydM0K4gRpKItDSOPH9w,2019-09-01T04:00:00Z,,Mar2: F/U asking about sesame and mustard allergy (RU),/restaurants/Moxies-(University),#NAME?,MXE001,[]
966af0d3-b231-406f-9489-cb20bf3b1be5,9d75cff7-6556-4d4e-8500-50fc7a278a59,2020-02-19T20:55:38Z,2020-03-02T14:52:47Z,43.649454,-79.4926175,KFC (Danforth),https://scontent.fyto1-1.fna.fbcdn.net/v/t1.0-9/86392401_2955608397791642_8021745852219392000_n.jpg?_nc_cat=103&_nc_sid=dd9801&_nc_oc=AQmzg80nm76GO-WQDZ7KfnBjxvSnuCFBb0rru57efPGojHLrGtTYxm0fNpK0HXJoY-2LyekgRrWDBIrUdNALNEOs&_nc_ht=scontent.fyto1-1.fna&oh=2ab9286f8e7d9223f2052cead132fb66&oe=5EB956DC,,"2500 Danforth Ave, Toronto, ON M4C 1L2",https://www.kfc.ca/,https://www.kfc.ca/nutrition-and-allergy-info,3,https://www.instagram.com/kfc_canada,2,,"[""Fast Food"",""Fried Chicken""]",,,,2,4,2,2,2,2,2,4,2,4,,,,,,,https://scontent.fyto1-1.fna.fbcdn.net/v/t1.0-9/p960x960/40182444_2039207639431727_5293295331142795264_o.png?_nc_cat=104&_nc_sid=85a577&_nc_oc=AQmxcgWxOwcJJLqYYW8WDbSrxTqo8AWe6JNwagyc_g3lnY-Or168_sOnGYFpZTA-Nbb4vdRBsb4cOL2nTdFGk7kA&_nc_ht=scontent.fyto1-1.fna&oh=0c5147c3613e408173de45925f4d1d64&oe=5EF3E3FE,https://goo.gl/maps/qLLWrTgYnyYMcJYi7,,(416) 691-5257,,2020-03-02T05:00:00Z,,Toronto,ChIJHaFUlRfM1IkRFXsJfeE4hKY,2019-10-01T04:00:00Z,,Mar 2: IS f/u with RU account about FAHPs,/restaurants/KFC-(Danforth),,KFC001,[]
4e922a37-3158-476c-9a0d-39a4c4d830f8,9d75cff7-6556-4d4e-8500-50fc7a278a59,2020-02-19T20:55:38Z,2020-03-02T14:52:21Z,43.6491282,-79.492617,Kelseys Original Roadhouse,https://scontent.fyto1-2.fna.fbcdn.net/v/t1.0-9/74649789_2563362597089605_7210231199187337216_o.jpg?_nc_cat=100&_nc_sid=dd9801&_nc_oc=AQmEOZzFqFOOJob-CS-qm7IK3oYb804kpBzmWPCrue-ZtoNYksFroMN8q1foN2yAHMMgEexwJ7zcJENkVnx3J0Iy&_nc_ht=scontent.fyto1-2.fna&oh=20e83e57209e855780f4c8dbc48edeec&oe=5EEDFAF1,,"1011 The Queensway, Etobicoke, ON M8Z 6C7",https://www.kelseys.ca/,https://www.kelseys.ca/content/dam/cara/en/kelseys-image-library/downloads/Allergen%20Guide%20-%20January%202020.pdf,3,https://www.instagram.com/kelseysroadhouse/,2,,"[""Family""]",,,,2,2,2,2,2,2,2,3,2,4,,,,,,,https://www.kelseys.ca/content/cara/kelseys.thumb.319.319.png,https://goo.gl/maps/jZqtQtfeALS6Tc9P9,,(416) 646-1856,,,,Etobicoke,ChIJbeprr9I3K4gRK0hFYKIHDLc,2020-01-10T05:00:00Z,TRUE,Mar 2: Imran ask about FAHPs for milk/soy allergy,/restaurants/Kelseys-Original-Roadhouse,,KRH001,[]
6bf151ad-e092-4daf-b5c9-0149b97b97b7,9d75cff7-6556-4d4e-8500-50fc7a278a59,2020-02-19T20:55:38Z,2020-03-02T00:44:19Z,43.6485827,-79.3875497,Harvey's (Jarvis),https://scontent.fyto1-1.fna.fbcdn.net/v/t1.0-9/27073274_1827045117308633_1991159591936433998_n.jpg?_nc_cat=105&_nc_sid=dd9801&_nc_oc=AQmndSFOvAcWrqwVmf1io7LGJ9VOvOn0kPgH1LSCjmvydCPuvhWAlB6ygPeeuCo2FLwGMV_BdzONK4aHPRFbgi6g&_nc_ht=scontent.fyto1-1.fna&oh=cc1edabdc3bc9837757927b7b30f6d32&oe=5EF4095A,,"278 Jarvis St, Toronto, ON M5B 2C5",http://origin2-www.harveys.ca/,http://origin2-www.harveys.ca/content/dam/cara/en/har-image-library/pdf/HAR%20digital%20Allergen%20Guide%20-%20ENG%200619%20-%20v2.pdf,3,https://www.instagram.com/harveys/,1,,"[""Fast Food""]",,,,2,2,2,2,2,1,4,4,2,2,,,,TRUE,,,http://origin2-www.harveys.ca/content/cara/harveys.thumb.319.319.png,https://goo.gl/maps/DzCC6jRZvassjUcP8,,(416) 977-4583,,2020-01-30T05:00:00Z,,Toronto,ChIJp5JDtUvL1IkRZsfZp9x80z8,,TRUE,Mar 1: f/u from ryerson email,/restaurants/Harvey's-(Jarvis),,HRV001,[]
3fc17904-a184-42ca-b140-ef104a8e98bd,9d75cff7-6556-4d4e-8500-50fc7a278a59,2020-02-19T20:55:38Z,2020-03-01T23:20:22Z,43.6500411,-79.3916472,Domino's Pizza (Front St.),https://scontent.fyto1-2.fna.fbcdn.net/v/t1.0-9/47309430_10156226343399983_7309731542597632000_o.jpg?_nc_cat=102&_nc_sid=dd9801&_nc_oc=AQlNkD-wUZHu9eJqoD-eMYgo94-a0U9VGrQ3rR9cnBqPC0z0QrdBRUh3LzqrKSbfvSWJOLKh-L1MV-zZCbDAmyxk&_nc_ht=scontent.fyto1-2.fna&oh=d20771f8f31503963ffe6ea72948f644&oe=5EB4F550,,"344 Front St W Unit #107, Toronto, ON M5V 3W7",https://www.dominos.ca/,https://www.dominos.ca/assets/build/market/CA/_en/pdf/Canadian-Nutrition-Guide-Final-Secure.pdf,3,https://www.instagram.com/dominoscanada/,1,,,,,,2,2,2,2,2,1,4,3,2,3,,,,TRUE,,,,https://goo.gl/maps/qceMcJJoHcoKgedP8,TRUE,(416) 599-2929,,2020-03-01T05:00:00Z,,Toronto,ChIJYZwk0dk0K4gRrR8LGntEgDI,2020-01-01T05:00:00Z,TRUE,Mar 1 2020: items are prepared in a common kitchen using the same preparation area and oven.,/restaurants/Domino's-Pizza-(Front-St.),,DMN001,[]
a569a730-452f-4128-b4f9-ff6166b53f64,9d75cff7-6556-4d4e-8500-50fc7a278a59,2020-02-19T20:55:38Z,2020-03-01T15:43:24Z,43.6610458,-79.4336098,A&W (John St),https://scontent.fyto1-1.fna.fbcdn.net/v/t31.0-8/15403709_1530788550269765_7350383133378314746_o.jpg?_nc_cat=104&_nc_sid=dd9801&_nc_oc=AQmiHcw-r47goiQwriyib2VWfv8Y3-_b8Rq-cKB_qdDA3zv4rNx9kJEoGCYJ6ECAKL4U-whJZS_8wfaYq4Iubj2_&_nc_ht=scontent.fyto1-1.fna&oh=dad13e48254481e746baf50395ddcbcc&oe=5EB8BBA0,,"60 John St, Toronto, ON M5V 3W2",https://web.aw.ca/en/home,https://web.aw.ca/i/pdf/AWallergen-en.pdf,3,https://www.instagram.com/awcanada/,2,https://web.aw.ca/en/our-menu,"[""Hamburger""]",,,,2,3,2,3,2,2,4,4,3,3,,,,,,,https://awfranchise.ca/wp-content/uploads/2018/03/AW_web_logo_EN_m.png,https://goo.gl/maps/xSodmJkHSiDcuybd7,,(647) 348-1550,,2020-02-27T05:00:00Z,,Toronto,ChIJNQ_HxtA0K4gRdq7xAXqgPmE,2018-10-01T04:00:00Z,TRUE,Reviewed Feb 27,/restaurants/A%26W-(John-St),,AaW001,[]
4cbb657c-ecb3-4533-b13c-d15690f22b6e,9d75cff7-6556-4d4e-8500-50fc7a278a59,2020-02-19T20:55:38Z,2020-03-02T16:00:41Z,43.6479271,-79.3953471,Mucho Burrito Fresh Mexican Grill (Queen),https://scontent.fyto1-1.fna.fbcdn.net/v/t1.0-9/70257859_10157485196270119_1045851354351796224_n.jpg?_nc_cat=104&_nc_sid=dd9801&_nc_oc=AQm7okuXELF7Ao7RKjj60Tc4GO-1QN_mb_Zu6GjLpFH8c_CUbJWn4TY1yPWcrt_HzOr2YNCbAaNdX8kwQP-DkUjD&_nc_ht=scontent.fyto1-1.fna&oh=79a99e4b7def7c6250e9e8006fc8be96&oe=5EB6CD32,,"263 Queen St W, Toronto, ON M5V 1Z4",https://muchoburrito.com/,https://muchoburrito.com/wp-content/uploads/2019/09/Allergen-Gluten-Awareness-Chart-FW19-EN.pdf,3,https://www.instagram.com/muchoburritohq/,2,,,,,,5,2,2,1,1,1,2,2,2,2,,,,TRUE,,,https://muchoburrito.com/wp-content/uploads/2019/03/mucho-burrito-english-mobile.png,https://goo.gl/maps/Xc9efKpBZrE342wPA,TRUE,(416) 335-4533,,2020-01-22T05:00:00Z,,Toronto,ChIJHS8vNs00K4gRJg7xrlQKCZY,,TRUE,"Mar 2: email didn't go through, IS emailed through MC",/restaurants/Mucho-Burrito-Fresh-Mexican-Grill-(Queen),,MCB001,[]
bb2938a7-88c4-42d5-b675-505fa31ea54d,9d75cff7-6556-4d4e-8500-50fc7a278a59,2020-02-19T20:55:38Z,2020-03-02T01:07:08Z,43.6479284,-79.3778372,Hero Certified Burgers,https://scontent.fyto1-2.fna.fbcdn.net/v/t1.0-9/51109450_2563030297072879_7570827032632754176_o.jpg?_nc_cat=101&_nc_sid=dd9801&_nc_oc=AQm2cuT1ltIwdRzZnOpzdFgwdCcUVV10W39LVEmSt0u5cn6lGYNPvYqIXoGOdREZT8v_Gjrg5mnIJE7LXbDq6GGm&_nc_ht=scontent.fyto1-2.fna&oh=0bc22c7e56f461e12fc5f9ebb9613b5b&oe=5EB5F4AC,,"79A Yonge St, Toronto, ON M5C 1S8",https://heroburgers.com/,https://heroburgers.com/school-program.html,3,https://www.instagram.com/herocertified/,0,,,,,,5,5,5,5,5,5,5,5,2,5,,TRUE,TRUE,TRUE,,,https://scontent.fyto1-1.fna.fbcdn.net/v/t31.0-8/p960x960/27797350_1942316512477597_800231189567807519_o.png?_nc_cat=105&_nc_sid=85a577&_nc_oc=AQlhwb_cX27n5mZ2I15y7FU58Ohv9Ngs1xk1xwO8YPa8Ma16uFPzRGXYz4FETXGR-Tb7jgjugm8L0tcPnbnTsORw&_nc_ht=scontent.fyto1-1.fna&oh=b05cf21d6b77d24374a3a0c45d782845&oe=5EFC984E,https://goo.gl/maps/1oT4JLBCXCBiXXu49,TRUE,(416) 546-1964,,2020-03-01T05:00:00Z,,Toronto,ChIJWTPRjjLL1IkR4z5ewbDaE0g,,TRUE,"Mar 1: No reply, IS f/u on RU email. Removed allergy menu since link no longer active",/restaurants/Hero-Certified-Burgers,,HCB001,[]
2055fcf3-59ef-4bc4-b42f-fe3e2caa26a9,9d75cff7-6556-4d4e-8500-50fc7a278a59,2020-02-19T20:55:38Z,2020-03-01T16:20:31Z,43.6523601,-79.5060386,Pita Pit (Weston),https://scontent.fyto1-1.fna.fbcdn.net/v/t1.0-9/555934_10151719019857444_692498298_n.jpg?_nc_cat=104&_nc_sid=05277f&_nc_oc=AQkI9KkJBAP-BKO8Rsv94oK1vb-kya3t2RdZN-bUS4Wq8O_FcnzklrrrfqL334eoZRaI7lIHLg6TDTBj11ZzmsN_&_nc_ht=scontent.fyto1-1.fna&oh=e0629c650e978e238bee365b090541f4&oe=5EEB6A56,,"70 Weston Rd, Toronto, ON M6N 5H3",https://pitapit.ca/,https://pitapit.ca/files/PitaPitCanada_Nutritional_Allergen_Info.pdf,3,https://www.instagram.com/pitapitcanada/,2,,"[""Pita"",""Sandwhich""]",,,,1,2,1,2,2,2,2,2,2,2,,,TRUE,,TRUE,,https://pitapit.ca/files/PitaPitCanadaLogo@2x.png,https://goo.gl/maps/xygid8pda6BnLAxF7,,(416) 766-7482,,2020-01-22T05:00:00Z,,Toronto,ChIJI0w4cR00K4gRuLfnU1q36_o,,,,/restaurants/Pita-Pit-(Weston),,,[]
4d6d04e5-c273-4619-840d-83e1cba008f1,9d75cff7-6556-4d4e-8500-50fc7a278a59,2020-02-19T20:55:38Z,2020-03-01T15:50:59Z,43.6818407,-79.397728,Dairy Queen (Broadview),https://scontent.fyto1-2.fna.fbcdn.net/v/t31.0-8/p960x960/12794839_10154037713242608_8519896670355907326_o.jpg?_nc_cat=102&_nc_sid=2d5d41&_nc_oc=AQk17xZO3IfAi5knBm-cCSHOk8k5hNJsRmBlPFTS3VApLOoHAOlEYWqs8mcqqjlNTSbvaF8LpCy_cRVkRlA_hMbD&_nc_ht=scontent.fyto1-2.fna&_nc_tp=6&oh=458cfcf7869bc6a4766216b82779f90f&oe=5EF2551F,,"1040 Broadview Ave, Toronto, ON M4K 2S2",https://www.dairyqueen.com/ca-en/,https://www.dairyqueen.com/ca-en/Company/Nutrition/Food-Treats/?localechange=1&,2,https://www.instagram.com/dqcanada/?hl=en,3,https://www.dairyqueen.com/ca-en/Menu/Food/,"[""Ice Cream"",""Fast Food""]",,,,1,3,1,3,3,3,4,4,3,3,,,,,,,https://www.dairyqueen.com/public/images/DQ_Logo_En_Header.png?width=145&height=86,https://goo.gl/maps/WWDfuxjWbWPatET19,,(416) 425-2261,,2020-02-28T05:00:00Z,,Toronto,ChIJT-_EGpjM1IkRrp0SrXctqZE,2019-09-01T04:00:00Z,TRUE,Feb 28 2020: IS f/u about scoops/new ice cream,/restaurants/Dairy-Queen-(Broadview),#NAME?,DQN001,[]
3a1577d6-1cd5-4de7-9071-ddeb4d659ba5,9d75cff7-6556-4d4e-8500-50fc7a278a59,2020-02-19T20:55:38Z,2020-03-01T15:46:37Z,43.6466301,-79.3563801,Baskin Robbins (Church),https://scontent.fyto1-1.fna.fbcdn.net/v/t1.0-9/36697042_10156256331561047_1073432590649655296_o.jpg?_nc_cat=105&_nc_sid=8024bb&_nc_oc=AQlPhW44zFP8vcAR2qKKErt7CAFFzGMhlt6tok6yI-bFbnr2GVFWzdRC9wqAGnMlihALu1WO7nBCq45BCUbXC6_L&_nc_ht=scontent.fyto1-1.fna&oh=3e6b80df7f482e386c97d55563cc80c4&oe=5F032E46,,"536 Church St, Toronto, ON M4Y 2E1",http://www.baskinrobbins.ca/,http://www.baskinrobbins.ca/nutritional-information/,2,https://www.instagram.com/BaskinRobbinsCanada/,2,,"[""Ice Cream""]",,,,1,3,1,5,2,2,2,3,1,4,TRUE,,,,,,,https://g.page/baskinrobbins-thevillage?share,,(416) 925-3131,,2020-01-22T05:00:00Z,,Toronto,ChIJCXvYMbM0K4gRRL1mv2zIZZg,,TRUE,Feb 27 2020: should call,/restaurants/Baskin-Robbins-(Church),,BRB001,[]
d0b456e0-f6d8-482a-a3ab-970c881ff5c8,9d75cff7-6556-4d4e-8500-50fc7a278a59,2020-02-19T20:55:38Z,2020-03-02T00:58:31Z,43.7141186,-79.4305665,Hermes Bakery,https://scontent.fyto1-1.fna.fbcdn.net/v/t1.0-9/80631177_856405074778762_1081039136644661248_n.jpg?_nc_cat=111&_nc_sid=110474&_nc_oc=AQkUjKiFbQiBGSlD9tMedFyjoynIVDsJmG-o9bH9Y74JdayU22H-_UYGf06CckMJ7X2FzKf1k4Gn2muRHpcJaiIO&_nc_ht=scontent.fyto1-1.fna&oh=c14ca161554229a3aa255be057d3900c&oe=5EB54602,,"2885 Bathurst St, North York, ON M6B 3A4",http://hermesbakery.com/,http://hermesbakery.com/faq/,2,,0,,"[""Bakery""]",,,,0,5,5,5,5,0,5,5,5,2,TRUE,,,,,TRUE,http://hermesbakery.com/wp-content/uploads/2014/12/logo1-e1418741758270.png,https://goo.gl/maps/9mye96phZkcS6zrG6,TRUE,(416) 787-1234,orders@hermesbakery.com,2020-03-01T05:00:00Z,,North York,ChIJme9WdKkzK4gRD8gYFC-Uk0w,,TRUE,"Feb 7th: responded saying ""We use eggs and wheat no milk or shellfish""",/restaurants/Hermes-Bakery,"-Passover products are 100% gluten-free and are produced in a 100% gluten-free facility
-Passover products are produced at a different location which is not a nut-free environment",HRB001,[]
4caddbbc-cb14-4002-bb73-8ee51ea8e2bb,9d75cff7-6556-4d4e-8500-50fc7a278a59,2020-02-19T20:55:38Z,2020-03-01T23:38:43Z,43.7777769,-79.4750274,Easy Sweets Baked Goods,https://easysweets.ca/wp-content/uploads/2016/03/GalleryPhotosBirthdays5.jpg,,"300 Supertest Rd #8, North York, ON M3J 2M2",https://easysweets.ca/,https://easysweets.ca/allergy-awareness/,2,https://www.instagram.com/p/B2zCfcCgoMe/,0,,"[""Bakery""]",,,,0,2,2,5,0,0,5,5,3,0,TRUE,,,,,TRUE,https://easysweets.ca/wp-content/uploads/2016/01/new-logo.png,https://goo.gl/maps/w2npEL9h9RjGBcaG7,TRUE,(416) 783-7200,info@easysweets.ca,2020-01-22T05:00:00Z,,Toronto,ChIJwYF3TgouK4gR-uvxm2NjnWA,,TRUE,Mar 1 2020: Contacted about mustard/soy from the May Contain email,/restaurants/Easy-Sweets-Baked-Goods,,ESB001,[]
3969c68e-125b-4dc0-b2a4-b225bed6a25e,9d75cff7-6556-4d4e-8500-50fc7a278a59,2020-02-19T20:55:38Z,2020-03-01T16:31:05Z,43.6549808,-79.416697,Virtuous Pie,https://scontent.fyto1-2.fna.fbcdn.net/v/t1.0-9/72999353_516824705796970_2664900930834530304_o.jpg?_nc_cat=108&_nc_sid=dd9801&_nc_oc=AQmpBem1R2ikcMd1WZV31-Pod6Z02kZzJdCMsivqyEX8yEy0FpuYZp4yeQsiUxwCmp4dsFmz4k8KNENPuYAmrAPw&_nc_ht=scontent.fyto1-2.fna&oh=a41658d479e9a1d7e02e23f5827edce2&oe=5F0254FF,,"611 College St, Toronto, ON M6G 1B5",https://virtuouspie.com/,https://virtuouspie.com/locations/canada/college-st/?menu=open&active=yes,3,https://www.instagram.com/virtuous_pie/?hl=en,2,,"[""Pizza""]",,,,2,2,5,5,2,2,2,2,5,2,,,TRUE,TRUE,TRUE,,https://scontent.fyto1-2.fna.fbcdn.net/v/t1.0-9/37695282_243657966446980_4960675570338758656_n.png?_nc_cat=101&_nc_sid=85a577&_nc_oc=AQkEPSsmXwI_G7LnrCVzqt7vxrZakcXCIE1KgVZXwkTaP4Gz7TrtU2NbEvM2tkT8rmA7Kvt4RKH1wwXZcTddH6lR&_nc_ht=scontent.fyto1-2.fna&oh=fb819a9e531709e801d6c1526a938f02&oe=5EBD8146,https://goo.gl/maps/9ysmXypr3WXxnJxz7,,(647) 729-9943,,2020-01-21T05:00:00Z,,Toronto,ChIJ0ddI0fE0K4gR53jaR5Ye0Xs,,,,/restaurants/Virtuous-Pie,,,[]
43d49993-739d-4efb-9e98-b1c614797e7f,9d75cff7-6556-4d4e-8500-50fc7a278a59,2020-02-19T20:55:38Z,2020-03-01T15:48:49Z,43.6499559,-79.5229331,Canyon Creek Chophouse,https://scontent.fyto1-2.fna.fbcdn.net/v/t1.0-9/54432720_10157400612145572_2309880025068863488_o.jpg?_nc_cat=110&_nc_sid=dd9801&_nc_oc=AQnOu10AvpeUlMIHTE4KsCKkDkNWSkpTLcnC6_xv0EEjV3BTKA9B1-1i4hAPtUzdwfvDkPTvC92ZZzG-KXBpgK_r&_nc_ht=scontent.fyto1-2.fna&oh=f725944648863153a3de7206cfbcae1b&oe=5EB6DDD7,,"25 Carlson Ct, Etobicoke, ON M9W 6A2",https://canyoncreekrestaurant.ca/airport/,https://canyoncreekrestaurant.ca/menus/menu-greater-toronto-area/?Alg%5BEggs+and+Egg+Sources%5D%5BF%5D=1&Alg%5BFish%5D%5BF%5D=1&Alg%5BMilk+and+Milk+Products%5D%5BF%5D=1&Alg%5BMustard+Seed%5D%5BF%5D=1&Alg%5BPeanuts+and+Peanut+Productl%5D%5BF%5D=1&Alg%5BSesame+seed+or+oil%5D%5BF%5D=1&Alg%5BShell+Fish%5D%5BF%5D=1&Alg%5BSoy%5D%5BF%5D=1&Alg%5BSulphites%5D%5BF%5D=1&Alg%5BTree+nut+and+their+Derivativesl%5D%5BF%5D=1&Alg%5BWheat+and+Gluten+Sources%5D%5BF%5D=1,4,https://www.instagram.com/canyoncreekeats/,2,,,,,,2,3,2,4,3,2,4,2,4,4,,,,TRUE,,,https://canyoncreekrestaurant.ca/wp-content/uploads/2017/07/canyon_creek_restaurant_logo_retina.png,https://goo.gl/maps/os36hA1B8AgFXrSJA,TRUE,(416) 213-1162,canyoncreekairport@sircorp.com,2020-01-21T05:00:00Z,,Etobicoke,ChIJ4WOLHY05K4gRudCSw8tW0Bs,,,,/restaurants/Canyon-Creek-Chophouse,,,[]
91bb7de3-2646-4a92-85ed-0d05226fa3c2,9d75cff7-6556-4d4e-8500-50fc7a278a59,2020-02-19T20:55:38Z,2020-03-02T15:21:45Z,43.6499529,-79.5233191,Montana's (Queensway),https://scontent.fyto1-1.fna.fbcdn.net/v/t31.0-8/17311255_10155111881768064_3506087276029629595_o.jpg?_nc_cat=105&_nc_sid=05277f&_nc_oc=AQmSKsXkpDXezrVqHFaX7Ixc9EpdJpkdTbAaZUTMesnKfZU4GRN-hqN6FGY7LQXyb6cp1ZFeE1QJBQb_MPODi_O5&_nc_ht=scontent.fyto1-1.fna&oh=a13ad9337c837a38ea37bccd3d8f357d&oe=5EE601AE,,"1007 The Queensway, Etobicoke, ON M8Z 6C7",https://www.montanas.ca/en.html,https://www.montanas.ca/content/dam/cara/en/montanas-image-library/pdf/MON%20print%20Montanas%20Nutritionals%20Guide%200120.pdf,3,https://www.instagram.com/montanasbbq/,2,,"[""BBQ"",""Bar & Grill""]",,,,2,3,2,3,2,2,4,3,3,4,,,,,,,https://www.montanas.ca/content/cara/montanas.thumb.319.319.png,https://goo.gl/maps/LZ5cmreAfMwbqw7d9,TRUE,(416) 646-1852,,2020-01-21T05:00:00Z,,Etobicoke,ChIJiSuvrtI3K4gRh3hwKs_Upcs,2019-01-03T05:00:00Z,,"Feb 18: We try our absolute best to accommodate all allergy/dietary concerns, however, we are unable to guarantee any cross-contamination as we are not gluten, soy, dairy, egg, tree nut, food colouring or coffee free environment.

We do encourage anyone with a food allergy/preference to speak with the manager prior to ordering so that we can do our best to accommodate.",/restaurants/Montana's-(Queensway),,MTN001,[]
679cad47-9231-47c1-a07a-7beb46b51df0,9d75cff7-6556-4d4e-8500-50fc7a278a59,2020-02-19T20:55:38Z,2020-03-01T16:23:02Z,43.6500401,-79.4003591,Pizza Hut (Lower Jarvis),https://scontent.fyto1-1.fna.fbcdn.net/v/t1.0-9/26231258_10150919222229986_6433776026362673246_n.jpg?_nc_cat=104&_nc_sid=dd9801&_nc_oc=AQlI9zk7X92u1M41YaIML7836_fLE4GczTV4GaGsdbOejE8jHsR70aqjfIzMgO-LQdOENSTY80uq5c-3f-dHPAg9&_nc_ht=scontent.fyto1-1.fna&oh=0fc119759b4fb268f2daa975b9d3921f&oe=5EB5F543,,"77 Lower Jarvis St, Toronto, ON M5E 1R8",https://www.pizzahut.ca/home,https://d3ixjveba7l33q.cloudfront.net/mobilem8-php/wp-content/uploads/2019/11/07002740/Pizza-HUT-Allergens-English-October-23-2019-EN.pdf,3,https://www.instagram.com/pizzahutcanada/?hl=en,1,,"[""Pizza""]",,,,2,2,2,5,2,2,4,3,3,4,,,,TRUE,TRUE,,https://scontent.fyto1-2.fna.fbcdn.net/v/t1.0-9/p960x960/54521006_10151059869629986_7894230188756566016_o.png?_nc_cat=107&_nc_sid=85a577&_nc_oc=AQlYTN95m_HUdG6REziZ7db6mvnTbjpOK1Mrvoked7i8mX1DwOgGoJd0-UWBrJZzLLstL4MEtyD43X94QcTKIXA8&_nc_ht=scontent.fyto1-2.fna&oh=f001364b65cb9ea8553d3c8b809ed10c&oe=5EE967C5,https://goo.gl/maps/S4BpacSM7hbL598GA,,(416) 977-5061,,2020-01-21T05:00:00Z,,Toronto,ChIJJ5U_5y_L1IkRCh3WHjOiLkM,,,,/restaurants/Pizza-Hut-(Lower-Jarvis),,,[]
d7c05586-fb40-410a-8af1-b3fa8e624abe,9d75cff7-6556-4d4e-8500-50fc7a278a59,2020-02-19T20:55:38Z,2020-03-02T00:08:43Z,43.6748397,-79.5363112,Fionn MacCool's,https://scontent.fyto1-1.fna.fbcdn.net/v/t1.0-9/p960x960/50936349_10157085232898537_4839221737818161152_o.jpg?_nc_cat=104&_nc_sid=8024bb&_nc_oc=AQnDVCmV9ih2LeyMIQr_WUg4M5JdlNKOdHwETDzXC9GGkmgFe3X53e73tnvx9nijawq3OTba7A8-GPX4ISh-7Xl6&_nc_ht=scontent.fyto1-1.fna&_nc_tp=6&oh=24d0f5ddda8ebd9682bd590a2644b57c&oe=5EE78B21,,"235 Bloor St E, Toronto, ON M4W 3Y3",https://www.fionnmaccools.com/,https://www.fionnmaccools.com/content/dam/cara/en/prime-pubs-image-library/pdf/Allergen%20Information-%20SEAFOOD%20FEAST%20OCT%202019.pdf,3,https://www.instagram.com/fionn.maccools/,2,,"[""Pub""]",,,,2,3,3,3,3,2,4,3,2,4,,,TRUE,TRUE,,,https://www.fionnmaccools.com/,https://goo.gl/maps/ZPgzgPxiGxBhix6YA,TRUE,(416) 966-3006,,2020-01-21T05:00:00Z,,Toronto,ChIJXbnNyaw0K4gR8ki25wwZ0gI,2019-10-01T04:00:00Z,TRUE,"Mar 1: replied to RU email, asked about accom milk/egg/soy allergy.",/restaurants/Fionn-MacCool's,,FMC001,[]
12310971-79b7-45a7-8617-29c2872668f8,9d75cff7-6556-4d4e-8500-50fc7a278a59,2020-02-19T20:55:38Z,2020-03-01T16:25:01Z,43.6492637,-79.3957545,Pizzaville (Markham St),https://scontent.fyto1-2.fna.fbcdn.net/v/t1.0-9/53347578_2747889038585401_6703887312704503808_o.jpg?_nc_cat=109&_nc_sid=dd9801&_nc_oc=AQntQiHtLt0TJELi0KU8IpywmyIppyaMreYlcpwB8pw97fUWwmoMx2jkb2r0dndDN7_aMWQcI978CV39UlgyiofN&_nc_ht=scontent.fyto1-2.fna&oh=392eb6ae01ca1f32a0eeefc476531be9&oe=5EFC786C,,"635 Markham St, Toronto, ON M6G 2M1",https://www.pizzaville.ca/,https://www.pizzaville.ca/files/documents/Allergen-Chart.pdf,3,https://www.instagram.com/pizzavilleinc/,1,,"[""Pizza""]",,,,2,2,2,5,2,1,2,2,2,2,,,,,,,https://scontent.fyto1-2.fna.fbcdn.net/v/t1.0-9/p960x960/62270428_2961106333930336_5620808113838882816_o.jpg?_nc_cat=106&_nc_sid=85a577&_nc_oc=AQnE3XW4KSt5X7WMGswgLVybi9guB-L3bI_frs8X_-O-4zM9SOYBxjmVApF101QuZzRmrd7VHc7SUmaBaatGwwjy&_nc_ht=scontent.fyto1-2.fna&_nc_tp=6&oh=40c37e280993b8b739a3cca22b4c80d8&oe=5EF731FF,https://goo.gl/maps/X6ypabiznbxWMBvF8,TRUE,(416) 736-3636,,2020-01-21T05:00:00Z,,Toronto,ChIJM6EpP5I0K4gR3_g33VKveIw,,,,/restaurants/Pizzaville-(Markham-St),,,[]
8b0caecb-5293-4dab-81af-ee2f984dfc6a,9d75cff7-6556-4d4e-8500-50fc7a278a59,2020-02-19T20:55:38Z,2020-02-26T22:03:13Z,43.6771219,-79.3611404,Ryus Noodle Bar,wix:image://v1/09d84c_63bfb32c65ab4d7987850b041d90b22d~mv2.jpg/1539558077-20181009-RyusNoodle15.jpg_w=1#originWidth=1400&originHeight=934,"[{""slug"":""09d84c_3ca86e77fd3843cf9408a9a9017fc603~mv2"",""src"":""wix:image://v1/09d84c_3ca86e77fd3843cf9408a9a9017fc603~mv2.jpg/1539558037-20181009-ryusnoodle2jpg_w14#originWidth=1400&originHeight=934"",""title"":"""",""type"":""image"",""settings"":{}},{""slug"":""09d84c_6321c7c5095f4bbd9c9f69231895389a~mv2"",""src"":""wix:image://v1/09d84c_6321c7c5095f4bbd9c9f69231895389a~mv2.jpg/1539558049-20181009-ryusnoodle6jpg_w14#originWidth=1400&originHeight=934"",""title"":"""",""type"":""image"",""settings"":{}},{""slug"":""09d84c_63bfb32c65ab4d7987850b041d90b22d~mv2"",""src"":""wix:image://v1/09d84c_63bfb32c65ab4d7987850b041d90b22d~mv2.jpg/1539558077-20181009-ryusnoodle15jpg_w1#originWidth=1400&originHeight=934"",""title"":"""",""type"":""image"",""settings"":{}},{""slug"":""09d84c_cd066ed6f83f4ad8b56129fd6a904923~mv2"",""src"":""wix:image://v1/09d84c_cd066ed6f83f4ad8b56129fd6a904923~mv2.jpg/1539558055-20181009-ryusnoodle8jpg_w14#originWidth=1400&originHeight=934"",""title"":"""",""type"":""image"",""settings"":{}},{""slug"":""09d84c_c17c9035a91d44dfb9a054c6b6d11f85~mv2"",""src"":""wix:image://v1/09d84c_c17c9035a91d44dfb9a054c6b6d11f85~mv2.jpg/1539558064-20181009-ryusnoodle11jpg_w1#originWidth=1400&originHeight=934"",""title"":"""",""type"":""image"",""settings"":{}},{""slug"":""09d84c_a46cf33bd97c49599da44677d9f28d87~mv2"",""src"":""wix:image://v1/09d84c_a46cf33bd97c49599da44677d9f28d87~mv2.jpg/1539558073-20181009-ryusnoodle14jpg_w1#originWidth=1400&originHeight=934"",""title"":"""",""type"":""image"",""settings"":{}},{""slug"":""09d84c_5576bae9ff2c44b68071b86c39869615~mv2"",""src"":""wix:image://v1/09d84c_5576bae9ff2c44b68071b86c39869615~mv2.jpg/1539558081-20181009-ryusnoodle16jpg_w1#originWidth=1400&originHeight=934"",""title"":"""",""type"":""image"",""settings"":{}},{""slug"":""09d84c_a09aa5837d454eedb34a0b4254eaeb18~mv2"",""src"":""wix:image://v1/09d84c_a09aa5837d454eedb34a0b4254eaeb18~mv2.jpg/1539558067-20181009-ryusnoodle12jpg_w1#originWidth=1400&originHeight=934"",""title"":"""",""type"":""image"",""settings"":{}},{""slug"":""09d84c_55517719ca2f40a4a34a0acd04d6ee6b~mv2"",""src"":""wix:image://v1/09d84c_55517719ca2f40a4a34a0acd04d6ee6b~mv2.jpg/1539558085-20181009-ryusnoodle17jpg_w1#originWidth=1400&originHeight=934"",""title"":"""",""type"":""image"",""settings"":{}}]","786 Broadview Ave, Toronto, ON M4K 2P7",https://ryusnoodlebar.com/,https://ryusnoodlebar.com/images/allergy.pdf,3,https://www.instagram.com/ryus_noodle_bar/,2,,,,,,2,2,5,5,3,2,5,4,5,5,,,,TRUE,,,https://ryusnoodlebar.com/wp/wp-content/themes/ryusnoodlebar_theme/assets/images/header_logo_l.png,https://g.page/ryus-noodle-bar-on-broadview?share,,(647) 344-9306,info.ryus@gmail.com,2020-01-21T05:00:00Z,,Toronto,ChIJq6q6OaDM1IkR1QeY-kBP2SU,,,,/restaurants/Ryus-Noodle-Bar,,,[]
0c4d238e-2607-4443-8b36-cca9a157fc28,9d75cff7-6556-4d4e-8500-50fc7a278a59,2020-02-19T20:55:38Z,2020-02-26T22:05:32Z,43.6469512,-79.3872524,Tractor Everyday Healthy Foods,https://tractorfoods.com/app/uploads/2018/06/menu.jpg,"[{""slug"":""09d84c_58eef0c96a9742adbec1a0f2627f97c2~mv2"",""src"":""wix:image://v1/09d84c_58eef0c96a9742adbec1a0f2627f97c2~mv2.jpg/7791-2-1800x1198jpg#originWidth=1800&originHeight=1198"",""title"":"""",""type"":""image"",""settings"":{}},{""slug"":""09d84c_e50c4c6495d7496a9d8977e649682e44~mv2"",""src"":""wix:image://v1/09d84c_e50c4c6495d7496a9d8977e649682e44~mv2.jpg/6315-1198x1800jpg#originWidth=1198&originHeight=1800"",""title"":"""",""type"":""image"",""settings"":{}},{""slug"":""09d84c_5d5955e920ca491b8fb3f3a823299fbf~mv2"",""src"":""wix:image://v1/09d84c_5d5955e920ca491b8fb3f3a823299fbf~mv2.jpg/7696-1198x1800jpg#originWidth=1198&originHeight=1800"",""title"":"""",""type"":""image"",""settings"":{}},{""slug"":""09d84c_a720d09cac9e4e3eacd32681231bd762~mv2"",""src"":""wix:image://v1/09d84c_a720d09cac9e4e3eacd32681231bd762~mv2.jpg/dsc_1492-1197x1800jpg#originWidth=1197&originHeight=1800"",""title"":"""",""type"":""image"",""settings"":{}},{""slug"":""09d84c_bbf22d2c74c74cbe898b29148fd02b2c~mv2"",""src"":""wix:image://v1/09d84c_bbf22d2c74c74cbe898b29148fd02b2c~mv2.jpg/7566-1198x1800jpg#originWidth=1198&originHeight=1800"",""title"":"""",""type"":""image"",""settings"":{}},{""slug"":""09d84c_92b8b8635c38479c87528094eac37f7f~mv2"",""src"":""wix:image://v1/09d84c_92b8b8635c38479c87528094eac37f7f~mv2.jpg/tractor-footer-1800x821jpg#originWidth=1800&originHeight=821"",""title"":"""",""type"":""image"",""settings"":{}}]","151 Yonge St, Toronto, ON M5C 2W7",https://tractorfoods.com/,https://tractorfoods.com/menu/,2,https://www.instagram.com/tractorfoods/,1,,,,,,2,2,5,2,3,2,1,2,5,2,,,TRUE,TRUE,TRUE,TRUE,https://tractorfoods.com/app/uploads/2018/06/logo.svg,https://goo.gl/maps/9f1vXT25DqTkJ53C8,TRUE,(647) 417-0552,info@tractorfoods.com,2020-01-21T05:00:00Z,,Toronto,ChIJdVd-IZ_L1IkRgiyzeZIpS0E,,,,/restaurants/Tractor-Everyday-Healthy-Foods,,,[]
ddf6a3e3-5a68-4314-b3cd-4ae1ae2edf33,9d75cff7-6556-4d4e-8500-50fc7a278a59,2020-02-19T20:55:38Z,2020-03-01T15:57:31Z,43.7886608,-79.5369539,Dave & Buster's (Vaughan),https://scontent.fyto1-1.fna.fbcdn.net/v/t31.0-8/10679556_578342248933087_5040677765299793890_o.jpg?_nc_cat=103&_nc_sid=05277f&_nc_oc=AQmmYoDVqw0Wzs6idj_7wHeV3fPxgoFqy6YosthGeiNbQ_IaHD2RRzjW6SA0vTlOWuVsUjXxDKlB7wU2a7sSGTz-&_nc_ht=scontent.fyto1-1.fna&oh=0f490635643e4159b6483b75bee6f70d&oe=5EF280E2,,"120 Interchange Way, Concord, ON L4K 5C3, Canada",https://www.daveandbusters.com/,https://www.daveandbusters.com/menus/allergy,3,https://www.instagram.com/daveandbusters/,2,,,,,,2,2,2,5,5,2,2,2,5,2,,,,,,,https://www.daveandbusters.com/media/2452/logo_no_shadow.png,https://goo.gl/maps/Co5wB9xU8uraKw8c7,,+1 905-760-7600,,2020-01-07T05:00:00Z,,Vaughan,ChIJPy1YBL8vK4gR9Y4u5ttH7L8,,,,/restaurants/Dave-%26-Buster's-(Vaughan),#NAME?,DBS001,[]
418eef5f-6edf-4f06-9228-721d2eceeb4a,9d75cff7-6556-4d4e-8500-50fc7a278a59,2020-02-19T20:55:38Z,2020-02-27T23:36:12Z,43.6695449,-79.388333,Chick-Fil-A (Bloor),https://d3oz09jk0dq1kk.cloudfront.net/Headliners/Canada/First%20Visit%20to%20CFA/webheader.jpg?h=960&w=1440&la=en,"[{""slug"":""09d84c_6e88548ae1d14d1ea239e989e0767137~mv2"",""src"":""wix:image://v1/09d84c_6e88548ae1d14d1ea239e989e0767137~mv2.jpg/weborderingjpg#originWidth=1440&originHeight=960"",""title"":"""",""type"":""image"",""settings"":{}},{""slug"":""09d84c_102948be40ee4b03acd37cacfa30d636~mv2"",""src"":""wix:image://v1/09d84c_102948be40ee4b03acd37cacfa30d636~mv2.jpg/webbiscuitsjpg#originWidth=1440&originHeight=960"",""title"":"""",""type"":""image"",""settings"":{}},{""slug"":""09d84c_99caa4ea0c5643abbf7b18bbcfd1bfaa~mv2"",""src"":""wix:image://v1/09d84c_99caa4ea0c5643abbf7b18bbcfd1bfaa~mv2.jpg/webbiscuits2jpg#originWidth=1440&originHeight=960"",""title"":"""",""type"":""image"",""settings"":{}},{""slug"":""09d84c_0addf6882d5f4b1c97c013dc30599062~mv2"",""src"":""wix:image://v1/09d84c_0addf6882d5f4b1c97c013dc30599062~mv2.jpg/weblemonsjpg#originWidth=1440&originHeight=960"",""title"":"""",""type"":""image"",""settings"":{}},{""slug"":""09d84c_a2b3e8194b824b72b1357c83fd5975b6~mv2"",""src"":""wix:image://v1/09d84c_a2b3e8194b824b72b1357c83fd5975b6~mv2.jpg/webwafflefriesjpg#originWidth=1440&originHeight=960"",""title"":"""",""type"":""image"",""settings"":{}},{""slug"":""09d84c_6ed17fe6fdd24afea38b056df41c7584~mv2"",""src"":""wix:image://v1/09d84c_6ed17fe6fdd24afea38b056df41c7584~mv2.jpg/webnuggetsjpg#originWidth=1440&originHeight=960"",""title"":"""",""type"":""image"",""settings"":{}},{""slug"":""09d84c_40fe044dc39f4b669680619e8c6dbfd7~mv2"",""src"":""wix:image://v1/09d84c_40fe044dc39f4b669680619e8c6dbfd7~mv2.jpg/websandwichjpg#originWidth=1440&originHeight=960"",""title"":"""",""type"":""image"",""settings"":{}},{""slug"":""09d84c_0dbe9a15951a4a69a3dcd182bb52dc3c~mv2"",""src"":""wix:image://v1/09d84c_0dbe9a15951a4a69a3dcd182bb52dc3c~mv2.jpg/webheaderjpg_h960w1440laenjpg#originWidth=1440&originHeight=960"",""title"":"""",""type"":""image"",""settings"":{}},{""slug"":""09d84c_2a7c6a42c20c4a1a981ea373b33c9c0f~mv2"",""src"":""wix:image://v1/09d84c_2a7c6a42c20c4a1a981ea373b33c9c0f~mv2.jpg/canada-rendering_redjpg#originWidth=2000&originHeight=1726"",""title"":"""",""type"":""image"",""settings"":{}},{""slug"":""09d84c_28e90aadd8aa402b9b72286cfe270a9b~mv2"",""src"":""wix:image://v1/09d84c_28e90aadd8aa402b9b72286cfe270a9b~mv2.jpg/webheaderjpg_h960w1440laenjpg#originWidth=1440&originHeight=960"",""title"":"""",""type"":""image"",""settings"":{}}]","709 Yonge St, Toronto, ON M4Y 2B6, Canada",https://www.chick-fil-a.ca/,https://www.chick-fil-a.ca/nutrition-allergens,4,https://www.instagram.com/chickfilacanada/?hl=en,1,https://www.chick-fil-a.ca/menu,"[""Fast Food"",""Chicken""]",,,,5,3,1,2,2,2,2,3,5,4,,,,,,,https://d1fd34dzzl09j.cloudfront.net/Images/CFACOM/Stories%20Images/2016/10/General%20Beginner's%20Guide/CFA-Grade-A-III.gif,https://goo.gl/maps/5xVp5DkFLBn2GYgi7,,,,2020-01-07T05:00:00Z,,Toronto,ChIJr7cttpI1K4gRktH5Ckim29s,,,Feb 27 2020: Need to call for 5's,/restaurants/Chick-Fil-A-(Bloor),,,[]
94d5fc0b-b89c-4907-bf63-8c1393cf1de0,9d75cff7-6556-4d4e-8500-50fc7a278a59,2020-02-19T20:55:38Z,2020-02-28T21:50:22Z,43.6773777,-79.4242554,B.GOOD (Queen),wix:image://v1/09d84c_d699fa88a8334912bb3be96502f20136~mv2.jpg/a676750a-8001-422c-948f-ffbe2363dc88_ima.jpg#originWidth=842&originHeight=512,"[{""slug"":""09d84c_9b4af21004324c7c8251daba9b8fe964~mv2"",""src"":""wix:image://v1/09d84c_9b4af21004324c7c8251daba9b8fe964~mv2.jpg/b1937b81-2c0b-4243-a74a-5e05abac67f5_121#originWidth=1080&originHeight=1080"",""title"":"""",""type"":""image"",""settings"":{}},{""slug"":""09d84c_afd350cee60242ea88e147551bc0cf39~mv2"",""src"":""wix:image://v1/09d84c_afd350cee60242ea88e147551bc0cf39~mv2.png/033cb055-bdd9-4c98-9384-296e1da28f83_bow#originWidth=845&originHeight=512"",""title"":"""",""type"":""image"",""settings"":{}},{""slug"":""09d84c_d699fa88a8334912bb3be96502f20136~mv2"",""src"":""wix:image://v1/09d84c_d699fa88a8334912bb3be96502f20136~mv2.jpg/a676750a-8001-422c-948f-ffbe2363dc88_ima#originWidth=842&originHeight=512"",""title"":"""",""type"":""image"",""settings"":{}},{""slug"":""09d84c_97cf6ac1423543e2bce678ab2a9350ed~mv2"",""src"":""wix:image://v1/09d84c_97cf6ac1423543e2bce678ab2a9350ed~mv2.jpg/ojpg#originWidth=864&originHeight=1000"",""title"":"""",""type"":""image"",""settings"":{}}]","573 Queen St W, Toronto, ON M5V 2B6, Canada",https://www.bgood.ca/,https://www.bgood.com/nutrition-allergens,3,https://www.instagram.com/b.goodofficial/,1,https://www.bgood.com/our-menu,,,,,1,2,1,2,5,2,2,3,2,2,,,TRUE,TRUE,,,https://pbs.twimg.com/profile_images/1145689166509957120/n8B5i4o9_400x400.png,https://goo.gl/maps/gZJZv6io8XdX4yBx5,TRUE,416-703-7325,,2020-02-28T05:00:00Z,,Toronto,ChIJwRfnu900K4gRIRWuEyTBVxU,,TRUE,Feb 27 2020: IS f/u on 5's via email.,/restaurants/B.GOOD-(Queen),Have Food Allergen procedures for handling big 8 allergens (which include sesame) once you let the staff know to remove certain ingredients to accommodate your dietary restriction. ,BGD001,[]
98c7969c-4fa5-4a2c-9f82-ac85ad734ab9,9d75cff7-6556-4d4e-8500-50fc7a278a59,2020-02-19T20:55:38Z,2020-02-28T21:53:42Z,43.7225916,-79.5903682,Chipotle Mexican Grill (Front),wix:image://v1/09d84c_69c488c4d99344df9d1d79a7c640137b~mv2.jpg/o.jpg#originWidth=1000&originHeight=1000,"[{""slug"":""09d84c_760baa5218334325a5b82a9a349f2c2d~mv2"",""src"":""wix:image://v1/09d84c_760baa5218334325a5b82a9a349f2c2d~mv2.jpg/ojpg#originWidth=1000&originHeight=974"",""title"":"""",""type"":""image"",""settings"":{}},{""slug"":""09d84c_8d9f68e763d74967a06f2cc890a8fd9e~mv2"",""src"":""wix:image://v1/09d84c_8d9f68e763d74967a06f2cc890a8fd9e~mv2.jpg/ojpg#originWidth=1000&originHeight=1000"",""title"":"""",""type"":""image"",""settings"":{}},{""slug"":""09d84c_9bcdda2cc6074618b782ed6fa6a03bcc~mv2"",""src"":""wix:image://v1/09d84c_9bcdda2cc6074618b782ed6fa6a03bcc~mv2.jpg/ojpg#originWidth=1000&originHeight=1000"",""title"":"""",""type"":""image"",""settings"":{}},{""slug"":""09d84c_b472b7773065478eae9f0f74e2e7f2da~mv2"",""src"":""wix:image://v1/09d84c_b472b7773065478eae9f0f74e2e7f2da~mv2.jpg/ojpg#originWidth=1000&originHeight=1000"",""title"":"""",""type"":""image"",""settings"":{}},{""slug"":""09d84c_588ba42d5d02437b80963a5f470531b8~mv2"",""src"":""wix:image://v1/09d84c_588ba42d5d02437b80963a5f470531b8~mv2.jpg/ojpg#originWidth=1000&originHeight=1000"",""title"":"""",""type"":""image"",""settings"":{}},{""slug"":""09d84c_d9e91bef9f724924932731922ad582b2~mv2"",""src"":""wix:image://v1/09d84c_d9e91bef9f724924932731922ad582b2~mv2.jpg/ojpg#originWidth=1000&originHeight=1000"",""title"":"""",""type"":""image"",""settings"":{}},{""slug"":""09d84c_a37eb5b898aa4a8bba6893f1e88976b2~mv2"",""src"":""wix:image://v1/09d84c_a37eb5b898aa4a8bba6893f1e88976b2~mv2.jpg/ojpg#originWidth=1000&originHeight=999"",""title"":"""",""type"":""image"",""settings"":{}},{""slug"":""09d84c_69c488c4d99344df9d1d79a7c640137b~mv2"",""src"":""wix:image://v1/09d84c_69c488c4d99344df9d1d79a7c640137b~mv2.jpg/ojpg#originWidth=1000&originHeight=1000"",""title"":"""",""type"":""image"",""settings"":{}},{""slug"":""09d84c_03faaa2739a445599cef1872c47077e4~mv2"",""src"":""wix:image://v1/09d84c_03faaa2739a445599cef1872c47077e4~mv2.png/for-real-chicken-bowl_2xpng#originWidth=894&originHeight=632"",""title"":"""",""type"":""image"",""settings"":{}}]","123 Front St W Unit 103, Toronto, ON M5J 2M2, Canada",https://www.chipotle.ca/home,https://www.chipotle.ca/allergens,2,https://www.instagram.com/chipotle/,1,,"[""Mexican""]",,,,1,1,1,1,1,1,2,2,2,2,,,TRUE,TRUE,,TRUE,https://www.chipotle.ca/content/dam/chipotle/global-site-design/en/brand/logos/cmg-medallion-logo.svg,https://goo.gl/maps/fyN7MjWY7TzhcTyz7,TRUE,+1 416-703-0030,,2020-02-28T05:00:00Z,,Toronto,ChIJD4rKgtM0K4gReEgQV1xasFs,,TRUE,"

",/restaurants/Chipotle-Mexican-Grill-(Front),#NAME?,CHP001,[]
a56cccaa-c8f6-4fc0-98e3-3c65d5b0d70c,9d75cff7-6556-4d4e-8500-50fc7a278a59,2020-02-19T20:55:38Z,2020-02-19T20:55:38Z,46.9636845,-114.2724165,The Burger's Priest (Queen),https://images.thestar.com/K7Vvz-Sg4hOeCWpQw_JYIoFsQnU=/1200x798/smart/filters:cb(2700061000)/https://www.thestar.com/content/dam/thestar/life/food_wine/2012/02/10/whats_the_secret_to_success_of_the_burgers_priest/double_jargestyleburger.jpeg,"[{""description"":"""",""slug"":""09d84c_ad1acd8a7eba48c0b04e1f80b318145dmv2"",""src"":""wix:image://v1/09d84c_ad1acd8a7eba48c0b04e1f80b318145d~mv2.jpg/holysmokesjpg#originWidth=1200&originHeight=798"",""title"":"""",""type"":""image"",""settings"":{}},{""slug"":""09d84c_3945de04aca54ac3bb7a135d3a51fab1~mv2"",""src"":""wix:image://v1/09d84c_3945de04aca54ac3bb7a135d3a51fab1~mv2.jpg/double_jargestyleburgerjpg#originWidth=1200&originHeight=798"",""title"":"""",""type"":""image"",""settings"":{}}]","463 Queen St W, Toronto, ON M5V 2A9, Canada",https://theburgerspriest.com/,https://theburgerspriest.com/nutrition-allergens/,2,,1,,"[""Burger""]",,,,5,5,5,5,5,1,5,5,5,5,,,,,,,https://theburgerspriest.com/wp-content/themes/starter-theme-master/images/logo2.png,https://goo.gl/maps/nfBwTtP3PSgZW3tBA,,+1 647-748-8108,,2020-01-06T05:00:00Z,,Toronto,ChIJUfIZgtw0K4gRSAeYCsChsiU,,,,/restaurants/The-Burger's-Priest-(Queen),,,[]
5cdaa16c-3098-4fd3-81c0-92857f6a16c1,9d75cff7-6556-4d4e-8500-50fc7a278a59,2020-02-19T20:55:38Z,2020-02-28T16:44:30Z,43.6451102,-79.3943257,Wahlburgers Toronto (Blue Jays way),wix:image://v1/09d84c_931b451927c7430ea317c2abc2d68b09~mv2.jpg/o.jpg#originWidth=1000&originHeight=666,"[{""slug"":""09d84c_931b451927c7430ea317c2abc2d68b09~mv2"",""src"":""wix:image://v1/09d84c_931b451927c7430ea317c2abc2d68b09~mv2.jpg/ojpg#originWidth=1000&originHeight=666"",""title"":"""",""type"":""image"",""settings"":{}},{""slug"":""09d84c_26621d28aa3142a583e9055341f3ce16~mv2"",""src"":""wix:image://v1/09d84c_26621d28aa3142a583e9055341f3ce16~mv2.jpg/ojpg#originWidth=1000&originHeight=650"",""title"":"""",""type"":""image"",""settings"":{}},{""slug"":""09d84c_ee38e794265a48b79941d38eadd4a1ed~mv2"",""src"":""wix:image://v1/09d84c_ee38e794265a48b79941d38eadd4a1ed~mv2.jpg/ojpg#originWidth=1000&originHeight=666"",""title"":"""",""type"":""image"",""settings"":{}},{""slug"":""09d84c_63dca1dc89194acdae5e9478ddae5f3b~mv2"",""src"":""wix:image://v1/09d84c_63dca1dc89194acdae5e9478ddae5f3b~mv2.jpg/ojpg#originWidth=1000&originHeight=661"",""title"":"""",""type"":""image"",""settings"":{}},{""slug"":""09d84c_6b032b64fb5b4d59873c210a691723d6~mv2"",""src"":""wix:image://v1/09d84c_6b032b64fb5b4d59873c210a691723d6~mv2.jpg/ojpg#originWidth=925&originHeight=1000"",""title"":"""",""type"":""image"",""settings"":{}},{""slug"":""09d84c_d8a1f810de454656bcc17074c3cda5d1~mv2"",""src"":""wix:image://v1/09d84c_d8a1f810de454656bcc17074c3cda5d1~mv2.jpg/ojpg#originWidth=1000&originHeight=666"",""title"":"""",""type"":""image"",""settings"":{}},{""slug"":""09d84c_21980af0461f4eebb10c2c31ed384bc9~mv2"",""src"":""wix:image://v1/09d84c_21980af0461f4eebb10c2c31ed384bc9~mv2.jpg/ojpg#originWidth=1000&originHeight=666"",""title"":"""",""type"":""image"",""settings"":{}},{""slug"":""09d84c_b502599c4370435da12f65f9f65b57cd~mv2"",""src"":""wix:image://v1/09d84c_b502599c4370435da12f65f9f65b57cd~mv2.jpg/ojpg#originWidth=1000&originHeight=666"",""title"":"""",""type"":""image"",""settings"":{}},{""slug"":""09d84c_3810f2da922f475cb3e3ed0b784ca6d7~mv2"",""src"":""wix:image://v1/09d84c_3810f2da922f475cb3e3ed0b784ca6d7~mv2.jpg/ojpg#originWidth=1000&originHeight=689"",""title"":"""",""type"":""image"",""settings"":{}}]","46 Blue Jays Way, Toronto, ON M5V 2G5, Canada",https://wahlburgers.com/toronto,https://wahlburgers.com/user/pages/kitchen-and-bar/WAHLBURGERS_MENU_ALLERGEN_INFORMATION_2018.pdf,2,https://www.instagram.com/Wahlburgers/,1,,"[""Burger""]",,,,1,2,2,5,5,1,2,3,4,2,,,,,,,https://wahlburgers.com/user/themes/wahlburgersrestaurant/assets/images/logo_2019.png,https://goo.gl/maps/hPvDhhkJh2HJDYP37,TRUE,,,,,Toronto,ChIJkfulA9o0K4gRRLYH3R8SIxs,,,,/restaurants/Wahlburgers-Toronto-(Blue-Jays-way),,,[]
e81c0fc7-c409-4a13-8213-dc503fc66e6c,9d75cff7-6556-4d4e-8500-50fc7a278a59,2020-02-19T20:55:38Z,2020-03-02T15:03:28Z,43.6326707,-79.4276427,Medieval Times Dinner & Tournament,wix:image://v1/09d84c_3ed01c6173c942d7b1f6f3d142c94a3b~mv2.jpg/o.jpg#originWidth=1000&originHeight=750,"[{""slug"":""09d84c_3ed01c6173c942d7b1f6f3d142c94a3b~mv2"",""src"":""wix:image://v1/09d84c_3ed01c6173c942d7b1f6f3d142c94a3b~mv2.jpg/ojpg#originWidth=1000&originHeight=750"",""title"":"""",""type"":""image"",""settings"":{}},{""slug"":""09d84c_cb75566eee0f43b7a2bf47074cddec59~mv2"",""src"":""wix:image://v1/09d84c_cb75566eee0f43b7a2bf47074cddec59~mv2.jpg/20121108-medieval-times-10jpg#originWidth=590&originHeight=393"",""title"":"""",""type"":""image"",""settings"":{}},{""slug"":""09d84c_53ab827b3a9d465f9b59388b64cf9e15~mv2"",""src"":""wix:image://v1/09d84c_53ab827b3a9d465f9b59388b64cf9e15~mv2.jpg/20090815-medieval-times-5jpg#originWidth=590&originHeight=392"",""title"":"""",""type"":""image"",""settings"":{}},{""slug"":""09d84c_979c54b0f54a4043b1041b15d0a4c2f8~mv2"",""src"":""wix:image://v1/09d84c_979c54b0f54a4043b1041b15d0a4c2f8~mv2.jpg/20121108-medieval-times-25jpg#originWidth=590&originHeight=393"",""title"":"""",""type"":""image"",""settings"":{}},{""slug"":""09d84c_dade6e2e8a44494298755f3e5d3edf03~mv2"",""src"":""wix:image://v1/09d84c_dade6e2e8a44494298755f3e5d3edf03~mv2.jpg/20121108-medieval-times-17jpg#originWidth=590&originHeight=393"",""title"":"""",""type"":""image"",""settings"":{}}]","10 Dufferin St, Toronto, ON M6K 3C3, Canada",https://www.medievaltimes.com/plan-your-trip/pages/nutritional-information.html,https://mtimes.imgix.net/nutritional-information/Toronto_Ingredients_Oct_2018.pdf,2,https://www.instagram.com/medieval_times/,1,,,,,,1,2,1,1,2,1,2,2,1,2,,,TRUE,TRUE,,,https://www.medievaltimes.com/resources/motif/images/mttimes-logo--large.png,https://goo.gl/maps/uZ8Bqkura6sSo4yS6,TRUE,+1 416-260-1170,,2020-01-06T05:00:00Z,,Toronto,ChIJPWn1Hgg1K4gRHRZxCH_uUCQ,2018-10-01T04:00:00Z,,Mar 2: Imran will call,/restaurants/Medieval-Times-Dinner-%26-Tournament,,MET001,[]
0735ef89-475c-4646-aabd-f3a710b14997,9d75cff7-6556-4d4e-8500-50fc7a278a59,2020-02-19T20:55:38Z,2020-03-02T00:30:27Z,43.6763148,-79.4296771,Fresh on Spadina,https://freshplantpowered.com/wp-content/uploads/2019/06/fresh_is_good_slide_photo_mobile.jpg,"[{""slug"":""09d84c_e63189d3fa6c4a36be36247a2ebc421a~mv2"",""src"":""wix:image://v1/09d84c_e63189d3fa6c4a36be36247a2ebc421a~mv2.jpg/fresh_tofu_bites_with_salad_photojpg#originWidth=1174&originHeight=1656"",""title"":"""",""type"":""image"",""settings"":{}},{""slug"":""09d84c_780672b7491c4699b4043957e9cee849~mv2"",""src"":""wix:image://v1/09d84c_780672b7491c4699b4043957e9cee849~mv2.jpg/fresh_is_good_slide_photo_mobilejpg#originWidth=692&originHeight=575"",""title"":"""",""type"":""image"",""settings"":{}},{""slug"":""09d84c_0af7ba93560f41259403805badb3f7ca~mv2"",""src"":""wix:image://v1/09d84c_0af7ba93560f41259403805badb3f7ca~mv2.jpg/our_juice_4_bottled_juicesjpg#originWidth=1006&originHeight=794"",""title"":"""",""type"":""image"",""settings"":{}},{""slug"":""09d84c_1f5edb9e435742638e0b648c69ca6715~mv2"",""src"":""wix:image://v1/09d84c_1f5edb9e435742638e0b648c69ca6715~mv2.jpg/our_food_fresh_salad_photojpg#originWidth=1006&originHeight=792"",""title"":"""",""type"":""image"",""settings"":{}}]","147 Spadina Ave, Toronto, ON M5V 2L7, Canada",https://freshplantpowered.com/,,5,,5,https://freshplantpowered.com/menus/regular-menu-toronto/,,,,,5,5,5,5,5,5,5,5,5,5,,TRUE,TRUE,TRUE,,,https://freshplantpowered.com/wp-content/themes/fresh_1_2_6/img/logos/fresh_since_1999_logo.svg,https://g.page/fresh-on-spadina?share,TRUE,+1 416-599-4442,,,,Toronto,ChIJG1ubn9s0K4gRv7vo5hruH-I,,,Mar 1: emailed from MC email,/restaurants/Fresh-on-Spadina,,FRS001,[]
ae71f899-da28-418f-9dbb-6f6ac12824ef,9d75cff7-6556-4d4e-8500-50fc7a278a59,2020-02-19T20:55:38Z,2020-03-01T23:27:36Z,43.6480061,-79.3839857,Earls Kitchen + Bar (King Street),https://s3-media0.fl.yelpcdn.com/bphoto/g9ihqHQtOGOQtFtOiZ-sAA/o.jpg,"[{""description"":"""",""slug"":""09d84c_c2b26aa878c540548d53d92fbc88b158mv2"",""src"":""wix:image://v1/09d84c_c2b26aa878c540548d53d92fbc88b158~mv2.jpg/ojpg#originWidth=1000&originHeight=665"",""title"":"""",""type"":""image"",""settings"":{}},{""description"":"""",""slug"":""09d84c_beda4c2cb2df487483cb3bf460fe5d36mv2"",""src"":""wix:image://v1/09d84c_beda4c2cb2df487483cb3bf460fe5d36~mv2.jpg/ojpg#originWidth=1000&originHeight=688"",""title"":"""",""type"":""image"",""settings"":{}},{""description"":"""",""slug"":""09d84c_8d70e5893ff544348d1013c09987c1bbmv2"",""src"":""wix:image://v1/09d84c_8d70e5893ff544348d1013c09987c1bb~mv2.jpg/ojpg#originWidth=1000&originHeight=1000"",""title"":"""",""type"":""image"",""settings"":{}},{""slug"":""09d84c_3840ec5677984f229f54cb49d8fb950c~mv2"",""src"":""wix:image://v1/09d84c_3840ec5677984f229f54cb49d8fb950c~mv2.jpg/earls-torontomedia_web-024-682x1024jpg#originWidth=682&originHeight=1024"",""title"":"""",""type"":""image"",""settings"":{}}]","150 King St W, Toronto, ON M5H 1J9, Canada",https://earls.ca/locations/king-street,https://storage.googleapis.com/earls-public/earls.ca/nutritional_info/Earls-Allergy-info.pdf,3,https://www.instagram.com/earlsrestaurant/#,2,,,,,,2,2,2,2,2,2,2,2,2,2,,,TRUE,TRUE,,,https://earls.ca/images/placeholder/Crest1-Earls_Penguin.svg,https://goo.gl/maps/CtKw8gzXGGRHo5Xd8,TRUE,416-916-0227,,2020-03-01T05:00:00Z,,Toronto,ChIJQY_nP9I0K4gRj0Fo9reXGQ4,,TRUE,"Mar 1 2020: asked about egg, milk and wheat allergy",/restaurants/Earls-Kitchen-%2B-Bar-(King-Street),,ERL001,[]
06090a94-b005-46c6-8a04-8f0f4fd4aec1,9d75cff7-6556-4d4e-8500-50fc7a278a59,2020-02-19T20:55:38Z,2020-02-27T23:26:37Z,43.7179842,-79.5191718,Burrito Boyz (Adelaide),wix:image://v1/09d84c_35f1bb08533e455aa41fe4ee2f3bfa49~mv2.jpg/burritoboyzfood.jpg_format=2500w.jpg#originWidth=1280&originHeight=740,"[{""slug"":""09d84c_de3650646de8489980aac2fb8ff56787~mv2"",""src"":""wix:image://v1/09d84c_de3650646de8489980aac2fb8ff56787~mv2.jpg/burritoboyz_burrito_006jpg_format2500w#originWidth=1200&originHeight=738"",""title"":"""",""type"":""image"",""settings"":{}},{""slug"":""09d84c_73734230c81f4e9db79f122b8873fc44~mv2_d_2500_1844_s_2"",""src"":""wix:image://v1/09d84c_73734230c81f4e9db79f122b8873fc44~mv2_d_2500_1844_s_2.jpg/img_1898jpg_format2500wjpg#originWidth=2500&originHeight=1844"",""title"":"""",""type"":""image"",""settings"":{}},{""slug"":""09d84c_35f1bb08533e455aa41fe4ee2f3bfa49~mv2"",""src"":""wix:image://v1/09d84c_35f1bb08533e455aa41fe4ee2f3bfa49~mv2.jpg/burritoboyzfoodjpg_format2500wjpg#originWidth=1280&originHeight=740"",""title"":"""",""type"":""image"",""settings"":{}},{""slug"":""09d84c_6f387d666e8f46778ea24de9eef008e2~mv2"",""src"":""wix:image://v1/09d84c_6f387d666e8f46778ea24de9eef008e2~mv2.jpg/nakedandquesayellowjpg_format2500wjpg#originWidth=2500&originHeight=1157"",""title"":"""",""type"":""image"",""settings"":{}}]","224 Adelaide St W, Toronto, ON M5H 1W7",https://www.burritoboyz.ca/,https://static1.squarespace.com/static/578ce85a29687f705d94f1a2/t/5cfde8fd9a13be000150f27b/1560144126351/AllergenChart2019-2019-03.pdf,3,https://www.instagram.com/burrito_boyz/,0,,"[""Mexican""]",,,,1,2,2,2,0,0,2,2,0,2,,,,TRUE,,,https://static1.squarespace.com/static/578ce85a29687f705d94f1a2/t/5b63d06f03ce64c9b5524788/1576705714398/?format=1500w,https://goo.gl/maps/ZycNw1dHXGJEziK59,,(647) 439-4065,,2020-02-28T04:00:00Z,,Toronto,ChIJLbNPx9E0K4gRBywc1ZieRe8,2019-01-01T05:00:00Z,TRUE,Feb 27 2020: will call,/restaurants/Burrito-Boyz-(Adelaide),,,[]
1496c837-2fe1-42ba-8078-ae713e1f70ed,9d75cff7-6556-4d4e-8500-50fc7a278a59,2020-02-19T20:55:38Z,2020-03-02T00:02:59Z,43.6485104,-79.3724089,Farm'r,https://images.squarespace-cdn.com/content/v1/54d4499de4b0c8ce81b59779/1543550134307-D7OKDMYJ4IHLXHKR3RJR/ke17ZwdGBToddI8pDm48kDHPSfPanjkWqhH6pl6g5ph7gQa3H78H3Y0txjaiv_0fDoOvxcdMmMKkDsyUqMSsMWxHk725yiiHCCLfrh8O1z4YTzHvnKhyp6Da-NYroOW3ZGjoBKy3azqku80C789l0mwONMR1ELp49Lyc52iWr5dNb1QJw9casjKdtTg1_-y4jz4ptJBmI9gQmbjSQnNGng/20181106-DSC00741.jpg?format=2500w,"[{""slug"":""09d84c_442a40e0acc64955a5bf4b7e1a360d84~mv2"",""src"":""wix:image://v1/09d84c_442a40e0acc64955a5bf4b7e1a360d84~mv2.jpg/front_image_with_wrapsjpg_v1564594233#originWidth=1000&originHeight=667"",""title"":"""",""type"":""image"",""settings"":{}},{""slug"":""09d84c_7a1f7ab113e24b6a91a533cbf2c57dd6~mv2"",""src"":""wix:image://v1/09d84c_7a1f7ab113e24b6a91a533cbf2c57dd6~mv2.jpg/corporate-imgjpg_v1562830782jpg#originWidth=764&originHeight=510"",""title"":"""",""type"":""image"",""settings"":{}},{""slug"":""09d84c_fee404382b0f420cbb505fa95ad4493b~mv2_d_2500_1875_s_2"",""src"":""wix:image://v1/09d84c_fee404382b0f420cbb505fa95ad4493b~mv2_d_2500_1875_s_2.jpg/20181106-dsc00715jpg_format2500wjpg#originWidth=2500&originHeight=1875"",""title"":"""",""type"":""image"",""settings"":{}},{""slug"":""09d84c_d0cfac23608a43aaa09a5b1550b16e02~mv2_d_2500_1875_s_2"",""src"":""wix:image://v1/09d84c_d0cfac23608a43aaa09a5b1550b16e02~mv2_d_2500_1875_s_2.jpg/20181106-dsc00719jpg_format2500wjpg#originWidth=2500&originHeight=1875"",""title"":"""",""type"":""image"",""settings"":{}},{""slug"":""09d84c_78cef541cc32414cb8d67300a55be820~mv2_d_2500_1875_s_2"",""src"":""wix:image://v1/09d84c_78cef541cc32414cb8d67300a55be820~mv2_d_2500_1875_s_2.jpg/20181106-dsc00705jpg_format2500wjpg#originWidth=2500&originHeight=1875"",""title"":"""",""type"":""image"",""settings"":{}},{""slug"":""09d84c_090780edfa6f48d8b786fc13ffec29ad~mv2_d_2500_1875_s_2"",""src"":""wix:image://v1/09d84c_090780edfa6f48d8b786fc13ffec29ad~mv2_d_2500_1875_s_2.jpg/20181106-dsc00707jpg_format2500wjpg#originWidth=2500&originHeight=1875"",""title"":"""",""type"":""image"",""settings"":{}},{""slug"":""09d84c_a6f7e6a8ab6148ffb856ec3a06675815~mv2_d_2500_1875_s_2"",""src"":""wix:image://v1/09d84c_a6f7e6a8ab6148ffb856ec3a06675815~mv2_d_2500_1875_s_2.jpg/20181106-dsc00713jpg_format2500wjpg#originWidth=2500&originHeight=1875"",""title"":"""",""type"":""image"",""settings"":{}}]","140A The Esplanade, Toronto, ON M5A 4P5",https://farmr.ca/,https://farmr.ca/food,2,https://www.instagram.com/farmrCA/,1,,,,,,1,2,2,3,2,1,2,5,5,2,,,TRUE,TRUE,,TRUE,https://static1.squarespace.com/static/54d4499de4b0c8ce81b59779/t/593da9d2db29d6d8538446b0/1575378814621/?format=1500w,https://g.page/FarmrCA?share,TRUE,(416) 901-8676,contact@farmr.ca,2019-12-20T04:00:00Z,,Toronto,ChIJAQCwGTDL1IkRNCVNG8trv8w,,,Mar 1: emailed from MC email,/restaurants/Farm'r,,FMR001,[]
